[
  {
    "signatures": [
      {
        "signature": "sha256:d9531a52ee8c926da3dba2380de068a91c227f23e527d022eba46eb4a175b3e2",
        "filename": "TCONSTRUCT-1.7.10-1.8.5.jar"
      },
      {
        "signature": "sha256:db8d86c0677129e573376d7257287156b770f16571b4db708dbb73d7bb864520",
        "filename": "COMPUTRONICS-1.7.10-1.5.1.jar"
      },
      {
        "signature": "sha256:b8ef3cec785d5221af9a9234dc42971bac70b6050ca44446a0b915a1851b4953",
        "filename": "TMECHWORKS-1.7.10-0.2.14.100.jar"
      },
      {
        "signature": "sha256:1d953c119a73fa8b1187175827726f4c4460b26ef29c954425944ddbedeffd06",
        "filename": "MODTWEAKER 2-0.8.0.jar"
      },
      {
        "signature": "sha256:3126bd1fb8a22e52078b16d984fd9ffdace5ce7da916cf2ce64e798641bc02d6",
        "filename": "COFHCORE-[1.7.10]3.0.2-262.jar"
      },
      {
        "signature": "sha256:c2eac402f72e01f8a7993056e85d6b524373ea6c982854a6ec88dd60fe0f7fe7",
        "filename": "BIOMESOPLENTY-1.7.10-2.1.0.1237-UNIVERSAL.jar"
      },
      {
        "signature": "sha256:1aac334a9a495dc452ccbdb78e36d2b38dd9aa989ff652f0253dab28bbaea1cd",
        "filename": "FORESTRY_1.7.10-3.5.7.16.jar"
      },
      {
        "signature": "sha256:ad1fe73af6d68ae2b73923e5251cd1faf8bfe49c5a659050a631954488e136e2",
        "filename": "IRIDIUM MOD-1.0.2.jar"
      },
      {
        "signature": "sha256:3dba9786966974701578a658d1bb369bf35bdf5f363079f5ac9c4910a39113be",
        "filename": "THAUMCRAFT-1.7.10-4.2.3.5.jar"
      },
      {
        "signature": "sha256:dea5913e44c0d6165ad745ba2f803cd38b2258c919e0902230d15e949df9c2b6",
        "filename": "CODECHICKENCORE-1.7.10-1.0.7.46-UNIVERSAL.jar"
      },
      {
        "signature": "sha256:1da443bc5a8a640b164fa0f9708fa2194a06cbca150a1f91308eef10cc618e3a",
        "filename": "METALLURGY-1.7.10-4.0.8.97.jar"
      },
      {
        "signature": "sha256:607e6a86c80d4ac10a0666334c3e4e11d0227f27422c638906228ae92b228f44",
        "filename": "INDUSTRIALCRAFT-2-2.2.736-EXPERIMENTAL-API.jar"
      },
      {
        "signature": "sha256:527e39b2b9ff5351cb17635bd1d0bfce0527fe0828b6074b8d680e73d87c6fbd",
        "filename": "WR-CBE-1.7.10-1.4.1.9-UNIVERSAL.jar"
      },
      {
        "signature": "sha256:90cae2707df218dadd73f20b3d24760c2414c27ef96f4e155f87201f80a0d3e5",
        "filename": "REDSTONEARSENAL-[1.7.10]1.1.0-80.jar"
      },
      {
        "signature": "sha256:d30f7f9b624e3064852af1642e4d6988aeea689a8a6871c5d074572bddce0283",
        "filename": "DIMENSIONAL-ANCHOR-59.0.2.jar"
      },
      {
        "signature": "sha256:2e113a2f0f9e4b54eb68660951e7cfafe261130d3650f847cb9972cbd5db4ad3",
        "filename": "ENDERCOMPASS-1.7.10-1.1.jar"
      },
      {
        "signature": "sha256:ea78fbc26bc2ae6114b8045c3bc34a389e51a7add3433b47abbc25301a5adffd",
        "filename": "ENDERIO-1.7.10-2.2.8.381.jar"
      },
      {
        "signature": "sha256:c2e13b87ab7cf9d715ea1bbddd936b5490a6ee58de8e069d935bb2f9b1984dbf",
        "filename": "THERMALDYNAMICS-[1.7.10]1.0.0-122.jar"
      },
      {
        "signature": "sha256:c5f93519168f95e78bceaafbc8cd5a9a083e0d70d5ece07289f32941a6295017",
        "filename": "NATURA-1.7.10-2.2.0.1.jar"
      },
      {
        "signature": "sha256:602fda4dcbaddbb77001db8be5f60ca8ba26abd165f5cacef549379905dfb131",
        "filename": "EXTRAUTILITIES-1.2.6.jar"
      },
      {
        "signature": "sha256:699cc5740e31bf67b0ed12a840f7687c02e0a41cb1928c172343690107e72d31",
        "filename": "OPENMODSLIB-1.7.10-0.7.3.jar"
      },
      {
        "signature": "sha256:3ff4e08f841f86bac63562c05d99ebfdb752b6b17a6d6b759e5c3b115e123565",
        "filename": "IMMIBIS-CORE-59.1.0.jar"
      },
      {
        "signature": "sha256:b0d5758c5c9bea894eccd74210cfc9d68eb1384806161d2394e726f1352defe1",
        "filename": "COMPUTERCRAFT1.73.jar"
      },
      {
        "signature": "sha256:06aabcc3980bcb91cbb54fbe7e0c68409be0980d6bbb9c82a7ace705df12a3e5",
        "filename": "BDLIB-1.8.2.92-MC1.7.10.jar"
      },
      {
        "signature": "sha256:a10c31c2f963a0cc8edf223ed556d0e6fdcea61e248e7252201f9697f4927efe",
        "filename": "CHOCOCRAFT-4.1.5.jar"
      },
      {
        "signature": "sha256:388e44ae199bd3efb39ed23578f45d00c1e5b490c7ca8d7bc5234671328a5cb5",
        "filename": "ENDERZOO-1.7.10-1.0.11.28.jar"
      },
      {
        "signature": "sha256:fdefead766de0bf9240202680acb7ce072d674b0995736ece3d34357c2c51cc3",
        "filename": "ARTIFACTS-1.1.1.jar"
      },
      {
        "signature": "sha256:d5c8842f9332d49d18d7d6f6b7b395d106fce08b2aec0ad5133c618463fba21b",
        "filename": "FORBIDDEN MAGIC-1.7.10-0.562.jar"
      },
      {
        "signature": "sha256:5fca136503f86ecc6cb61fbd17b137d59e56b45c7a5494e6b8fd3cabd4697fbd",
        "filename": "commons-compress-1.8.1.jar"
      },
      {
        "signature": "sha256:3b718ba0e5faaa786329498c3ddd1f31a39d40916c4917291e6acfd58167182e",
        "filename": "APPLECORE-MC1.7.10-1.1.0.jar"
      },
      {
        "signature": "sha256:30a231213f594d060f638d4ea4fb0b39da18e7cd97e3e8ef7f62011aa86a185c",
        "filename": "WEAPONMOD-1.14.3.jar"
      },
      {
        "signature": "sha256:1b4aed5d119e43bc4ea773c7a96c9b962c5aacbcb0912fb2437672cc33ed9633",
        "filename": "THERMALSMELTERY-1.7.10-1.2.1.jar"
      },
      {
        "signature": "sha256:e6cba1cfb4f55e82353525b53c2f475d54257bdbad95f7a3751a1467fcef6317",
        "filename": "COFHLIB-[1.7.10]1.0.2-160.jar"
      },
      {
        "signature": "sha256:e4a3dd27370920b2be108ba7a18efe720a521d4956abb34a8ebf74958ff25f55",
        "filename": "LUNATRIUSCORE-1.7.10-1.1.2.21-UNIVERSAL.jar"
      },
      {
        "signature": "sha256:e1ed114a61c4581b050f8db9932aa14bac4ac322994be51015ebc8e4cad66287",
        "filename": "DENSEORES-1.6.2.jar"
      },
      {
        "signature": "sha256:50b9df8c41ce1298446cadf0fc2492b58f4ffde251285a167d788ca6826fba0c",
        "filename": "MINEFACTORYRELOADED-[1.7.10]2.8.0-104.jar"
      },
      {
        "signature": "sha256:8a18aeb803314c6e14295be0f383926c76317b469dae9ede8f3b92c162eb3357",
        "filename": "MAGICBEES-1.7.10-2.1.22.jar"
      },
      {
        "signature": "sha256:4bf193e3b9a91bceef65e82f6a27ee5c050d29552ef7e1606f222a79571fc44e",
        "filename": "CHICKENCHUNKS-1.7.10-1.3.4.19-UNIVERSAL.jar"
      },
      {
        "signature": "sha256:81a9cc0d92065aa66c091c2e98b5e2e1c2f13378ba662fb28eae006ed1d48b3d",
        "filename": "APPLIEDENERGISTICS2-RV2-STABLE-8.jar"
      },
      {
        "signature": "sha256:b1c1aa43fc8347d2ec54366078a07674aef9df43e897f42ebced5af534924eb9",
        "filename": "CHISELTONES-1.7.10-1.0-1.jar"
      },
      {
        "signature": "sha256:9bf5f1509c3c7fb5147caf6b2adecb76ac08252092075aa6177cc30e2bba5907",
        "filename": "SUPERCRAFTINGFRAME-1.7.10.3.jar"
      },
      {
        "signature": "sha256:f962fd4d2f69cc2ef25db10f2e62ab65dfc8bb29d01e660db8a284a3ec8fc2be",
        "filename": "PROJECTRED-1.7.10-4.6.2.82-MECHANICAL_BETA.jar"
      },
      {
        "signature": "sha256:b0d520090f98e5023d471c9145a5b785e0084b930a0d24d12d4738fc37d0ad48",
        "filename": "OPENCOMPUTERS-MC1.7.10-1.5.13.27-PRE.1-UNIVERSAL.jar"
      },
      {
        "signature": "sha256:7bdf5210ae0f2fa3536bc5c04bb510238946c2a7f2b8a2c2d18d2271056393eb",
        "filename": "OPENBLOCKS-1.7.10-1.4.3.jar"
      },
      {
        "signature": "sha256:9d330506bf3e44eb251324c87cf890501cb94e396963a13e2689d762c55d4f27",
        "filename": "MALISISDOORS-1.7.10-1.8.2.jar"
      },
      {
        "signature": "sha256:6badba74bb358a82fac5ec2aefc736ac53ac3391932f5c42874c53d39948601d",
        "filename": "NETHERORES-[1.7.10]2.3.0-12.jar"
      },
      {
        "signature": "sha256:771df443516a2356c15c8131a15530298d56fe758a549b0d5ba043230b97c27b",
        "filename": "BIGREACTORS-0.4.3A.jar"
      },
      {
        "signature": "sha256:a985c0712e195bef958d94fb74e3f5132398caa46a1b727faeda9baad6ab8784",
        "filename": "TWILIGHTFOREST-1.7.10-2.3.7.jar"
      },
      {
        "signature": "sha256:51d636d9d246af3923baa71c2bc8c1114ccba25d7968dc3e416a257c6e768c8f",
        "filename": "MORPHEUS-1.7.10-1.5.26.jar"
      },
      {
        "signature": "sha256:ac28be6eb7fe46d7918961ebdece8129922e16619a558a5bd08b19ffed03263e",
        "filename": "BINNIE-MODS-2.0-PRE12.jar"
      },
      {
        "signature": "sha256:f6f7c36cbac55576159b456d754c2450c2ef0172c03d238f026cb79c0d5b2d71",
        "filename": "GREGSLIGHTING-1.11.1-MC1.7.10.jar"
      },
      {
        "signature": "sha256:9ccd59de718ed1026e378049e946202e6f8bf73a2d950246b0f23184182c4738",
        "filename": "MINETWEAKER3-1.7.10-3.0.9C.jar"
      },
      {
        "signature": "sha256:1a2114a79622e1e05fecefa16b8b68636108550726bd3b762098a0a64bc30fbf",
        "filename": "SSR-RC3.jar"
      },
      {
        "signature": "sha256:5f9e53894206f96568decbf765c5f966471a18867721690729b3fb0796791d15",
        "filename": "NOTENOUGHITEMS-1.7.10-1.0.5.111-UNIVERSAL.jar"
      },
      {
        "signature": "sha256:200a0ee9cb70673929c78f989b6840a5167f2c79091e43216e29d6e142809b7d",
        "filename": "BUILDCRAFT-7.0.12.jar"
      },
      {
        "signature": "sha256:2fcebe2c2d8e7960c8b216b3db8591109486b45b65d846903d5ee7c9796a8152",
        "filename": "PROJECTRED-1.7.10-4.6.2.82-BASE.jar"
      },
      {
        "signature": "sha256:44423d7c43bde9274e1dbc1b00d6bd14ec7cb2572326eeefa9c6dd6fab47930b",
        "filename": "WAILA-1.5.10_1.7.10.jar"
      },
      {
        "signature": "sha256:ac6d9e7b6d4f8a48eaff7d896c48b817ec4969754c9f50f96ea652cc963a5376",
        "filename": "ASIETWEAKS-1.7.10-0.0.2.jar"
      },
      {
        "signature": "sha256:87de3a89137447bd047d1391ee513ee037cc11f94bf5b1db8f171606e7871d23",
        "filename": "DECOCRAFT-2.0.2_1.7.10.jar"
      },
      {
        "signature": "sha256:f199d59b45b07420216657f8f8ef7866e40511b013a73c2290657e82767e8a86",
        "filename": "STEVESADDONS-1.7.10-0.10.13.jar"
      },
      {
        "signature": "sha256:f44ba00f9ab5f399a534784b054d42228812fa48d413314cdc3680c642c9f16b",
        "filename": "ENDERSTORAGE-1.7.10-1.4.7.36-UNIVERSAL.jar"
      },
      {
        "signature": "sha256:fde478b87e5710a430b6e0bf03398a2c4b2a07319eab6164096eaa7a4c09665d",
        "filename": "PROJECTRED-1.7.10-4.6.2.82-COMPAT.jar"
      },
      {
        "signature": "sha256:7e5fe8e9666ed04c74fde3ed98633a4230aa3720a49634787a8f52a00f1bb34c",
        "filename": "CHISEL2-2.3.10.37.jar"
      },
      {
        "signature": "sha256:c5e7c29bd9bec8f606ba6fa224ef0285e3c6fa24770c0b5116e15086cac0eef3",
        "filename": "MANTLE-1.7.10-0.3.2.jar"
      },
      {
        "signature": "sha256:534313028fe05f39cffee217f385e222cf17ed258a95292d25982248f20d0193",
        "filename": "FASTCRAFT-1.21.jar"
      },
      {
        "signature": "sha256:ca3996fc81d210370754c1581b06bbbee8401e457843558126863833a1497afc",
        "filename": "JAVA7CHECKER  MC-1.7.10  V1.1.jar"
      },
      {
        "signature": "sha256:822b6a7ae70f6f4ef86afbbd71fed32f3c4284c834abd740b41ad57bfe15d4fe",
        "filename": "MALISISCORE-1.7.10-0.12.2.jar"
      },
      {
        "signature": "sha256:12baf596bc10875c74ab16a18fa3b43d3de3937be4381b2a2b433daa5c61ea34",
        "filename": "TECHNOMANCY - 0.11.1 - 1.7.10.jar"
      },
      {
        "signature": "sha256:f29913087210b62f52c3c6f8c0bf867179c8086fa67d157eb067d94e772a117f",
        "filename": "THAUMICTINKERER-2.5-1.7.10-489.jar"
      },
      {
        "signature": "sha256:4a0d192a34e7ef3e7af039f64dc6426bd0a5a343aae4dd1107b2043a616a77f7",
        "filename": "CodeChickenLib-1.7.10-1.1.3.138-universal.jar"
      },
      {
        "signature": "sha256:bc2958857276efc083b7e118856dba8819de6377926eb13506699f043fbdb26e",
        "filename": "WAILAPLUGINS-MC1.7.10-0.0.1-15.jar"
      },
      {
        "signature": "sha256:ff0c241d3963249c35a7eda5f2769bffd894587f82f07f097983bdfd2808556f",
        "filename": "AROMA1997S-DIMENSIONAL-WORLD-1.7.10-1.1.0.1.jar"
      },
      {
        "signature": "sha256:38194e360c32b5a839feb1e27b600b1f793624c7d002918d063c2ecefdcdc4cc",
        "filename": "OPENPERIPHERALCORE-1.7.10-1.1.1.jar"
      },
      {
        "signature": "sha256:1c95a65cc93d865338b5a33653e6d9888a8bc7fb3308715390700aeaebd9e1e7",
        "filename": "GENERATORS-0.9.14.79-MC1.7.10.jar"
      },
      {
        "signature": "sha256:a300fcf2c43ab26eb1eb380a13efdcc6c1c46f0a502da219a4b58337df52ef7b",
        "filename": "IRONCHEST-1.7.10-6.0.62.742-UNIVERSAL.jar"
      },
      {
        "signature": "sha256:b8e02b860c86cce3b4efac4c447a3bb99eb2f3f16f4f0b5ec4dcd1fbd5e3c83f",
        "filename": "ForgeMultipart-1.7.10-1.2.0.344-universal.jar"
      },
      {
        "signature": "sha256:6f9cb062d6564388e8da5e781af48aaf7f1a144860c93959bf8cc67277cc2c57",
        "filename": "AOBD-2.6.3.jar"
      },
      {
        "signature": "sha256:403c0e529a8cc9863ca02c34cdf20f7661e3d0cf4a09eafcaf5e9ef8ab9d268f",
        "filename": "MORECHISELS-1.7.10-1.0-20.jar"
      },
      {
        "signature": "sha256:bfb3d413e67222c146a82e0e53a96024424c50a543655bbe0e4395a16046b4ff",
        "filename": "BIBLIOWOODS[NATURA][V1.5].jar"
      },
      {
        "signature": "sha256:4a0d192a34e7ef3e7af039f64dc6426bd0a5a343aae4dd1107b2043a616a77f7",
        "filename": "CodeChickenLib-1.7.10-1.1.3.138-universal.jar"
      },
      {
        "signature": "sha256:68c331f624cea6c0827a31e96a6dce2e75461227c42da70f11ba765a8c6a8cec",
        "filename": "WITCHERY-1.7.10-0.24.1.jar"
      },
      {
        "signature": "sha256:87bde2c07ddf631cc14c513cccd83ff746f2ac44e241e821407819d6eb34aef5",
        "filename": "CARPENTERS BLOCKS V3.3.6 - MC 1.7.10.jar"
      },
      {
        "signature": "sha256:b6624501fa4d9de0d08ed0ed9df5e0fda9f97f360c3326880047cad5e6f4ba1f",
        "filename": "OPENEYE-0.6-1.7.10-SNAPSHOT-141.jar"
      },
      {
        "signature": "sha256:fb60014874e9ba1885b491ae1302bb7f33be8450231e712883e90ad095930c8a",
        "filename": "SIMPLYJETPACKS-MC1.7.10-1.4.1.jar"
      },
      {
        "signature": "sha256:d0359053d4f8299509889d6b3632b06bdc11251b93af8aa4385b08f435316439",
        "filename": "GUIDE-API-1.7.10-1.0.1-20.jar"
      },
      {
        "signature": "sha256:63dd713fcfc070676625cc6142113b5ba359571c998305f63518c09a310fb086",
        "filename": "BIGTREES-172B-FORGE1060.jar"
      },
      {
        "signature": "sha256:b88ee66877ce812eb0c5b26128214885cb593bdaa9e591225192fa2dff7a5e01",
        "filename": "JABBA-1.2.1_1.7.10.jar"
      },
      {
        "signature": "sha256:4ced21c225ce29b197864f2aaa0df27ec24a3f0e8baabe5b41ebae4d06841085",
        "filename": "FUNKY-LOCOMOTION-1.7.10-BETA-5C.jar"
      },
      {
        "signature": "sha256:87b696b5012a144dbadf3b096ed99c2f0ba016d07598186744b85141e872d348",
        "filename": "GENDUSTRY-1.4.13.97-MC1.7.10.jar"
      },
      {
        "signature": "sha256:86e15c88e8f6f8fa0be278f3c6d13cbdd0a1bb4270b21d06c4362a53f78a6612",
        "filename": "BIBLIOCRAFT[V1.10.4][MC1.7.10].jar"
      },
      {
        "signature": "sha256:7d4c681ab3b2d5398eb92e63c2a4cb32113ef8fb8ed1e4ee0a30573f027c98c4",
        "filename": "REDSTONEARMORY-1.7.10-1.1-22-UNIVERSAL.jar"
      },
      {
        "signature": "sha256:318e569d097d17bdd8fdfda71de2e1ccd6ab55b7a8bf52d7ad853bb9fd832bfb",
        "filename": "EXTRATIC-1.7.10-1.4.5.jar"
      },
      {
        "signature": "sha256:89387e6f2b942541aa7cb5b9d5921eb4f683e60ddd9c24d82bbb5271bb00d5f6",
        "filename": "ZZANCIENTWARFARE-2.4.104-BETA-MC1.7.10-FULL.jar"
      },
      {
        "signature": "sha256:87786529552286afcbb81c1dea35c83e59b7bfc12468b891e237ffeaa68bf5fe",
        "filename": "FLAXBEARDSSTEAMPOWER-1.7.10-0.28.7.jar"
      },
      {
        "signature": "sha256:e02b6d72a56b2b4a132e8f7ca0b63f8d3bd3a7d1788631ef950e838005b3d2eb",
        "filename": "THERMALFOUNDATION-[1.7.10]1.0.0-81.jar"
      },
      {
        "signature": "sha256:af168f67ea58a05664a43104bca81bd57ee8c7a0f292ebe14cd310c469bbfd15",
        "filename": "ENCHIRIDION 2-1.7.10-2.0.2A.jar"
      },
      {
        "signature": "sha256:169f435b084becb21073dbe414c5bf4a254f00b5e1a4e74f0ca2da6311501e6e",
        "filename": "NEIADDONS-1.12.10.33-MC1.7.10.jar"
      },
      {
        "signature": "sha256:60e7a736d44e1e7700a24fbb830cbdb3c860ca3c2c714c8d8f461c1bb353d38a",
        "filename": "TRANSLOCATOR-1.7.10-1.1.2.15-UNIVERSAL.jar"
      },
      {
        "signature": "sha256:40200be61e7fbba4b252c4c5dec03ddae1e31559753e3c02a37966858cb11fb1",
        "filename": "ROUTERREBORN-1.7.10-1.2.0.16-UNIVERSAL.jar"
      },
      {
        "signature": "sha256:3f1033cf99cae21cff8109a93846e3e664745b97ce764184f34d89e63ee09202",
        "filename": "PNEUMATICCRAFT-1.7.10-1.8.2-84-UNIVERSAL.jar"
      },
      {
        "signature": "sha256:d64560120f070b86caf95a9fdeb470abd26076fe0a433239edda100a79662606",
        "filename": "ARCHIMEDESSHIPS-1.7.1.jar"
      },
      {
        "signature": "sha256:5d966e63b24443c7b2434f4928391e459045039819f427626265ea2340792e18",
        "filename": "MrTJPCore-1.0.8.16-universal.jar"
      },
      {
        "signature": "sha256:f928a38f2ae75f9897ab94afc6d45641a00633722a1696ca8c43b1720d23455c",
        "filename": "forge-1.7.10-10.13.4.1448-1.7.10-universal.jar"
      },
      {
        "signature": "sha256:9fd923a00fa27b92c678508bd8d71863fa9e2984d2860f7268bf93eecc518c5e",
        "filename": "MEKANISMGENERATORS-1.7.10-8.1.5.240.jar"
      },
      {
        "signature": "sha256:98cf79cd4e4f3fb6bd86253c593313a4279033a71a42ac3fd3be8dfd16bfbe61",
        "filename": "GRIMOIREOFGAIA3-1.7.10-1.1.1.jar"
      },
      {
        "signature": "sha256:2412799f9426ec73d95e2fcb40a93a355afe1a47462c57bea74556a9a4374b34",
        "filename": "IMMIBIS-PERIPHERALS-59.0.2.jar"
      },
      {
        "signature": "sha256:cfb20883725c6ed1dccbff111a3a8dc71215c6ba57c023ad447b84180e625ab4",
        "filename": "STATUES-1.7.10-2.1.4.jar"
      },
      {
        "signature": "sha256:7e62fd5703347e72e72475590540b573b691fdea5c1736ce12fe7430346574a7",
        "filename": "DARK_MENAGERIE-1.7.10-BETA-2.0.jar"
      },
      {
        "signature": "sha256:9e98c36568af92dbb388dfec2b36b3f0d76cb1dc284a6bbe06e98b89204b96f4",
        "filename": "ZTONES-1.7.10-2.2.1.jar"
      },
      {
        "signature": "sha256:ad19d2601c3abf0b946b5c3a4113e226a8c1e3305e395b90013b78dd94a723ce",
        "filename": "commons-codec-1.9.jar"
      },
      {
        "signature": "sha256:ab859fc2a446faf8bec52dcc3061de0d4cce8fab04e87c0e13ac0bac32fd16f4",
        "filename": "TTCORE-MC1.7.10-0.1.1-77.jar"
      },
      {
        "signature": "sha256:c60aa318787341b4bcebc8c4f97c340bed0285955f1183fc1749fd70235f771b",
        "filename": "RANDOMTHINGS-2.2.4.jar"
      },
      {
        "signature": "sha256:c109afd4d6c1abf1b28a9330330600663df5510faece89143289667b62421888",
        "filename": "CRAFTHERALDRY 1.1.3.jar"
      },
      {
        "signature": "sha256:c8bc4aec6b38e35ef1d9cc252fd684088589ff57b133f6633cdbed44491fdb3a",
        "filename": "ASIELIB-1.7.10-0.4.1.jar"
      },
      {
        "signature": "sha256:8a21d9f1fc39b3495a06e8f9a94a0c5b0aeab36e7b587312e0f83e92d4d57342",
        "filename": "AURACASCADE-486.jar"
      },
      {
        "signature": "sha256:fe25989a5c55e537d39a73df127f744f22c7eb1e2bf2c4253c869b4aab5469d9",
        "filename": "MEKANISMTOOLS-1.7.10-8.1.5.240.jar"
      },
      {
        "signature": "sha256:dd483d508f4fe973530231147b02ddc6b6c37f55c49033c72cbdf6ba02344ade",
        "filename": "METALLURGYCORE-1.7.10-4.0.4.18.jar"
      },
      {
        "signature": "sha256:6895ef5ebe6f50bc5e114a843583aea725321d86f46adea39561e73774fade94",
        "filename": "AROMA1997CORE-1.7.10-1.0.2.13.jar"
      },
      {
        "signature": "sha256:749967f5678549ad66413e6f58ca658fe5b6c7081b90e454610b1591793f3fd9",
        "filename": "OPENPERIPHERALADDONS-1.7.10-0.3.1.jar"
      },
      {
        "signature": "sha256:c00fa1f72440f8ec8f893790f64c9cd1e93dd5f09672f19b5dc8fcfdbfbeab20",
        "filename": "BIBLIOWOODS[FORESTRY][V1.7].jar"
      },
      {
        "signature": "sha256:f4c76b149bb6440b1976340c80db7d2bf23bd947cd44a9b6e4fa111b9a297e5a",
        "filename": "OPENPERIPHERALINTEGRATION-1.7.10-0.2.2.jar"
      },
      {
        "signature": "sha256:cf4cda0d10b37b30bcb85d179a3eef90332b84dee699785dfbfb48639f5e5cf6",
        "filename": "MEKANISM-1.7.10-8.1.5.240.jar"
      },
      {
        "signature": "sha256:9253a026ff524e285b3ae54a5cec0e3394bf81ee5a8bc3c5d5994abff7447a8b",
        "filename": "PROJECTRED-1.7.10-4.6.2.82-LIGHTING.jar"
      },
      {
        "signature": "sha256:353ab1156cb34e08329624ae98ae19e31315558a0e28e9b5d2f520c70a8a799d",
        "filename": "IVTOOLKIT-1.2.jar"
      },
      {
        "signature": "sha256:11f4971a98bca31a0221b3d43063d95bb047d557b52909b8e3e7d6b1bbc4b485",
        "filename": "PROJECTBLUE-1.1.4-MC1.7.10.jar"
      },
      {
        "signature": "sha256:b35be2cd913b5e064ec955356cf999a0db27176cc86d33dc7237ff825635d125",
        "filename": "PAMS HARVESTCRAFT 1.7.10I.jar"
      },
      {
        "signature": "sha256:88d431ba29c0f461d88dde54a71d7dd459da15e0eee60d26d9083237bce9a2ea",
        "filename": "GARDENSTUFF-1.7.10-1.6.3.jar"
      },
      {
        "signature": "sha256:83aa955056ac7ec1af60362e60b95e110f51af03cb0fcf69c24db8f1c4ea0098",
        "filename": "WAWLA-1.3.0-1.7.10.jar"
      },
      {
        "signature": "sha256:a8e36f2c432d5ea288cbdfc9b8e55174080f0c9778bdd761b40527ad3431a03e",
        "filename": "REFINEDRELOCATION-1.7.10-1.0.8B.jar"
      },
      {
        "signature": "sha256:f4a1a30d96574492bfa96a43ddea92741f71cd62abb2f8db859cb895c51ce8dd",
        "filename": "PROJECTRED-1.7.10-4.6.2.82-INTEGRATION.jar"
      },
      {
        "signature": "sha256:a784f0b63c62ff219a4a1346e7952ab35224d41ddb24b8994e2867aff6a953de",
        "filename": "PROJECTRED-1.7.10-4.6.2.82-WORLD.jar"
      },
      {
        "signature": "sha256:586dfca66e880638b75a92634c51db55dfd65cccd5bd49c4e33c55755320cf66",
        "filename": "STEVESWORKSHOP-0.5.1.jar"
      },
      {
        "signature": "sha256:5c4ffac359914caba00f276b9fa5f0972b8f7a5562d924f49d8128e884d3d748",
        "filename": "FOSSILS_ARCHEOLOGY_REVIVAL-1.7.10_BUILD-7.2.jar"
      },
      {
        "signature": "sha256:f9c78e9b0d41ee0319a3ee845da42bbb90a3892323b9e098238ce592982d86e5",
        "filename": "LOGISTICSPIPES-0.10.0.5.jar"
      },
      {
        "signature": "sha256:8364675efeeb707fba91429051d362deff7da754b6774ad0a39bc66819d1a2b5",
        "filename": "ENHANCEDPORTALS_1.7.10-UNIVERSAL-3.0.12.jar"
      },
      {
        "signature": "sha256:f68239f169b998d580107f5c368f5e087bfeed0776af5c736c0eb37fbe16d3bc",
        "filename": "BLOODMAGIC-1.7.10-1.3.3-4.jar"
      },
      {
        "signature": "sha256:05ae8f11b8f9012ebebbf179227b010829739c6284e30da5dd3db220ee682f8a",
        "filename": "Baubles-1.7.10-1.0.1.10.jar"
      },
      {
        "signature": "sha256:2ccb4d6cf908c50b7b1984dcbdded597903169fabd572fdf6895100f89d8cdc5",
        "filename": "NEIINTEGRATION-MC1.7.10-1.0.9.jar"
      },
      {
        "signature": "sha256:ec43582b61083b81e047a4e1c2f709a2a75f0fd4b9d75305eb26991531dd046d",
        "filename": "LibSandstone-1.0.0.jar"
      },
      {
        "signature": "sha256:807cc8522092fe78a44b56142d4fa3e72f612c8d30f87d85e7b8cef1f33fd035",
        "filename": "COMPACTMACHINES-1.7.10-1.19B.jar"
      },
      {
        "signature": "sha256:56d83821f7733f17b966024b8ce1e2dff652e5f40f170cbb83e8989ea0827d37",
        "filename": "WAILAHARVESTABILITY-MC1.7.X-1.1.2.jar"
      },
      {
        "signature": "sha256:c0dafe3ac28f31265c02b6975b8f31f6981c42902cd8d7eb32b5414012027dbe",
        "filename": "STEVESFACTORYMANAGERA93.jar"
      },
      {
        "signature": "sha256:883be1cc01c81af7f5d5a9cf121bba22cf58a0c8e4fb9285b7d4a1daf8b9eda6",
        "filename": "QUIVERBOW_1.7.10_B100.zip"
      },
      {
        "signature": "sha256:1658132c8cefecd2fde6bb8593e6e4827f34a2c5b2f4dc75fbe15ce81a035ff7",
        "filename": "RECURRENTCOMPLEX-0.9.6.2.jar"
      },
      {
        "signature": "sha256:c9e18c0c07479bb623d3d13b38883d0f1384dd7563e8fd3d75f89e56f5cade7e",
        "filename": "HARDCOREENDEREXPANSION  MC-1.7.10  V1.8.1.jar"
      },
      {
        "signature": "sha256:69475fa652992066d3a5a3fdf2e7706f7ecee99e0fbcf54c367d4b5f883d7e25",
        "filename": "RAILCRAFT_1.7.10-9.6.1.0.jar"
      },
      {
        "signature": "sha256:a59a4003f162c10058206f0fd5ec05e4d1030e8fbda230f6f0b42db703c16371",
        "filename": "STEVESCARTS2.0.0.B18.jar"
      },
      {
        "signature": "sha256:cf3a13fbd189f78048d7362671fb2cb54114d9f84ce248e12596141df4574688",
        "filename": "CHISELFACADES-1.7.10-2.11-CRICKET.jar"
      },
      {
        "signature": "sha256:d0bd6d33ce24948e17ee95b0b29edef174f8aa254725ce80576cb1ee77c988c1",
        "filename": "DRACONIC-EVOLUTION-1.7.10-1.0.1C.jar"
      },
      {
        "signature": "sha256:5a9b9b9a7cd86388c74ff166b562dd02eadc93d130d603668e8b3b8d9c95456d",
        "filename": "AUTOMAGY-1.7.10-0.25.jar"
      },
      {
        "signature": "sha256:231a8fbffba0980af44471dd8801190375462e2d5a4331a071ba7b823810147d",
        "filename": "INPURECORE-[1.7.10]1.0.0B9-62.jar"
      },
      {
        "signature": "sha256:838798efd7d1355054b5caac17f390a405b153c1598e18b342a24f72877cdfe2",
        "filename": "BIBLIOWOODS[BIOMESOPLENTY][V1.9].jar"
      },
      {
        "signature": "sha256:af09bb35eaf7226cd89d2fd5096b56910143c2f34d3ed9d1a5f3f0ed957fa7da",
        "filename": "BUILDCRAFT-COMPAT-7.0.8.jar"
      },
      {
        "signature": "sha256:c023c00cd531887b45c8d2650559159510a192fc0f016f769b1cc492d8c47810",
        "filename": "[1.7.10]bspkrsCore-universal-6.16.jar"
      },
      {
        "signature": "sha256:fc35dc5886da434e11be07d923baa16741bc0d7ea0d81fb9989aa8ea96fd0143",
        "filename": "BACKPACK-2.0.1-1.7.X.jar"
      },
      {
        "signature": "sha256:6cb58fc8ee741bef6c8238d77779565778aa031eba65089f5da3ea585a2548de",
        "filename": "BOTANIA R1.6-193.jar"
      },
      {
        "signature": "sha256:a114cd3b5fac50f31e43189546a50e390027e5ef770d81427b9fd5ebdbafdf72",
        "filename": "THERMALEXPANSION-[1.7.10]4.0.1-182.jar"
      }
    ],
    "addedSignatures": [
      "sha256:d64560120f070b86caf95a9fdeb470abd26076fe0a433239edda100a79662606",
      "sha256:f29913087210b62f52c3c6f8c0bf867179c8086fa67d157eb067d94e772a117f",
      "sha256:98cf79cd4e4f3fb6bd86253c593313a4279033a71a42ac3fd3be8dfd16bfbe61",
      "sha256:c2eac402f72e01f8a7993056e85d6b524373ea6c982854a6ec88dd60fe0f7fe7",
      "sha256:318e569d097d17bdd8fdfda71de2e1ccd6ab55b7a8bf52d7ad853bb9fd832bfb",
      "sha256:527e39b2b9ff5351cb17635bd1d0bfce0527fe0828b6074b8d680e73d87c6fbd",
      "sha256:b8e02b860c86cce3b4efac4c447a3bb99eb2f3f16f4f0b5ec4dcd1fbd5e3c83f",
      "sha256:ab859fc2a446faf8bec52dcc3061de0d4cce8fab04e87c0e13ac0bac32fd16f4",
      "sha256:822b6a7ae70f6f4ef86afbbd71fed32f3c4284c834abd740b41ad57bfe15d4fe",
      "sha256:b0d5758c5c9bea894eccd74210cfc9d68eb1384806161d2394e726f1352defe1",
      "sha256:602fda4dcbaddbb77001db8be5f60ca8ba26abd165f5cacef549379905dfb131",
      "sha256:403c0e529a8cc9863ca02c34cdf20f7661e3d0cf4a09eafcaf5e9ef8ab9d268f",
      "sha256:ad19d2601c3abf0b946b5c3a4113e226a8c1e3305e395b90013b78dd94a723ce",
      "sha256:2ccb4d6cf908c50b7b1984dcbdded597903169fabd572fdf6895100f89d8cdc5",
      "sha256:c0dafe3ac28f31265c02b6975b8f31f6981c42902cd8d7eb32b5414012027dbe",
      "sha256:dea5913e44c0d6165ad745ba2f803cd38b2258c919e0902230d15e949df9c2b6",
      "sha256:231a8fbffba0980af44471dd8801190375462e2d5a4331a071ba7b823810147d",
      "sha256:bfb3d413e67222c146a82e0e53a96024424c50a543655bbe0e4395a16046b4ff",
      "sha256:c5f93519168f95e78bceaafbc8cd5a9a083e0d70d5ece07289f32941a6295017",
      "sha256:fdefead766de0bf9240202680acb7ce072d674b0995736ece3d34357c2c51cc3",
      "sha256:f199d59b45b07420216657f8f8ef7866e40511b013a73c2290657e82767e8a86",
      "sha256:ac6d9e7b6d4f8a48eaff7d896c48b817ec4969754c9f50f96ea652cc963a5376",
      "sha256:fde478b87e5710a430b6e0bf03398a2c4b2a07319eab6164096eaa7a4c09665d",
      "sha256:87b696b5012a144dbadf3b096ed99c2f0ba016d07598186744b85141e872d348",
      "sha256:5d966e63b24443c7b2434f4928391e459045039819f427626265ea2340792e18",
      "sha256:9fd923a00fa27b92c678508bd8d71863fa9e2984d2860f7268bf93eecc518c5e",
      "sha256:e02b6d72a56b2b4a132e8f7ca0b63f8d3bd3a7d1788631ef950e838005b3d2eb",
      "sha256:89387e6f2b942541aa7cb5b9d5921eb4f683e60ddd9c24d82bbb5271bb00d5f6",
      "sha256:fe25989a5c55e537d39a73df127f744f22c7eb1e2bf2c4253c869b4aab5469d9",
      "sha256:cf3a13fbd189f78048d7362671fb2cb54114d9f84ce248e12596141df4574688",
      "sha256:c60aa318787341b4bcebc8c4f97c340bed0285955f1183fc1749fd70235f771b",
      "sha256:6895ef5ebe6f50bc5e114a843583aea725321d86f46adea39561e73774fade94",
      "sha256:ea78fbc26bc2ae6114b8045c3bc34a389e51a7add3433b47abbc25301a5adffd",
      "sha256:7e5fe8e9666ed04c74fde3ed98633a4230aa3720a49634787a8f52a00f1bb34c",
      "sha256:d0bd6d33ce24948e17ee95b0b29edef174f8aa254725ce80576cb1ee77c988c1",
      "sha256:3ff4e08f841f86bac63562c05d99ebfdb752b6b17a6d6b759e5c3b115e123565",
      "sha256:4bf193e3b9a91bceef65e82f6a27ee5c050d29552ef7e1606f222a79571fc44e",
      "sha256:699cc5740e31bf67b0ed12a840f7687c02e0a41cb1928c172343690107e72d31",
      "sha256:c023c00cd531887b45c8d2650559159510a192fc0f016f769b1cc492d8c47810",
      "sha256:6badba74bb358a82fac5ec2aefc736ac53ac3391932f5c42874c53d39948601d",
      "sha256:f9c78e9b0d41ee0319a3ee845da42bbb90a3892323b9e098238ce592982d86e5",
      "sha256:d30f7f9b624e3064852af1642e4d6988aeea689a8a6871c5d074572bddce0283",
      "sha256:38194e360c32b5a839feb1e27b600b1f793624c7d002918d063c2ecefdcdc4cc",
      "sha256:cf4cda0d10b37b30bcb85d179a3eef90332b84dee699785dfbfb48639f5e5cf6",
      "sha256:f4a1a30d96574492bfa96a43ddea92741f71cd62abb2f8db859cb895c51ce8dd",
      "sha256:a10c31c2f963a0cc8edf223ed556d0e6fdcea61e248e7252201f9697f4927efe",
      "sha256:50b9df8c41ce1298446cadf0fc2492b58f4ffde251285a167d788ca6826fba0c",
      "sha256:8364675efeeb707fba91429051d362deff7da754b6774ad0a39bc66819d1a2b5",
      "sha256:ec43582b61083b81e047a4e1c2f709a2a75f0fd4b9d75305eb26991531dd046d",
      "sha256:e1ed114a61c4581b050f8db9932aa14bac4ac322994be51015ebc8e4cad66287",
      "sha256:534313028fe05f39cffee217f385e222cf17ed258a95292d25982248f20d0193",
      "sha256:6f9cb062d6564388e8da5e781af48aaf7f1a144860c93959bf8cc67277cc2c57",
      "sha256:586dfca66e880638b75a92634c51db55dfd65cccd5bd49c4e33c55755320cf66",
      "sha256:9253a026ff524e285b3ae54a5cec0e3394bf81ee5a8bc3c5d5994abff7447a8b",
      "sha256:5c4ffac359914caba00f276b9fa5f0972b8f7a5562d924f49d8128e884d3d748",
      "sha256:e4a3dd27370920b2be108ba7a18efe720a521d4956abb34a8ebf74958ff25f55",
      "sha256:388e44ae199bd3efb39ed23578f45d00c1e5b490c7ca8d7bc5234671328a5cb5",
      "sha256:1b4aed5d119e43bc4ea773c7a96c9b962c5aacbcb0912fb2437672cc33ed9633",
      "sha256:1c95a65cc93d865338b5a33653e6d9888a8bc7fb3308715390700aeaebd9e1e7",
      "sha256:51d636d9d246af3923baa71c2bc8c1114ccba25d7968dc3e416a257c6e768c8f",
      "sha256:4a0d192a34e7ef3e7af039f64dc6426bd0a5a343aae4dd1107b2043a616a77f7",
      "sha256:87786529552286afcbb81c1dea35c83e59b7bfc12468b891e237ffeaa68bf5fe",
      "sha256:f44ba00f9ab5f399a534784b054d42228812fa48d413314cdc3680c642c9f16b",
      "sha256:12baf596bc10875c74ab16a18fa3b43d3de3937be4381b2a2b433daa5c61ea34",
      "sha256:bc2958857276efc083b7e118856dba8819de6377926eb13506699f043fbdb26e",
      "sha256:a985c0712e195bef958d94fb74e3f5132398caa46a1b727faeda9baad6ab8784",
      "sha256:c00fa1f72440f8ec8f893790f64c9cd1e93dd5f09672f19b5dc8fcfdbfbeab20",
      "sha256:30a231213f594d060f638d4ea4fb0b39da18e7cd97e3e8ef7f62011aa86a185c",
      "sha256:63dd713fcfc070676625cc6142113b5ba359571c998305f63518c09a310fb086",
      "sha256:a300fcf2c43ab26eb1eb380a13efdcc6c1c46f0a502da219a4b58337df52ef7b",
      "sha256:7bdf5210ae0f2fa3536bc5c04bb510238946c2a7f2b8a2c2d18d2271056393eb",
      "sha256:353ab1156cb34e08329624ae98ae19e31315558a0e28e9b5d2f520c70a8a799d",
      "sha256:c8bc4aec6b38e35ef1d9cc252fd684088589ff57b133f6633cdbed44491fdb3a",
      "sha256:69475fa652992066d3a5a3fdf2e7706f7ecee99e0fbcf54c367d4b5f883d7e25",
      "sha256:68c331f624cea6c0827a31e96a6dce2e75461227c42da70f11ba765a8c6a8cec",
      "sha256:1658132c8cefecd2fde6bb8593e6e4827f34a2c5b2f4dc75fbe15ce81a035ff7",
      "sha256:b0d520090f98e5023d471c9145a5b785e0084b930a0d24d12d4738fc37d0ad48",
      "sha256:87bde2c07ddf631cc14c513cccd83ff746f2ac44e241e821407819d6eb34aef5",
      "sha256:90cae2707df218dadd73f20b3d24760c2414c27ef96f4e155f87201f80a0d3e5",
      "sha256:87de3a89137447bd047d1391ee513ee037cc11f94bf5b1db8f171606e7871d23",
      "sha256:c5e7c29bd9bec8f606ba6fa224ef0285e3c6fa24770c0b5116e15086cac0eef3",
      "sha256:3b718ba0e5faaa786329498c3ddd1f31a39d40916c4917291e6acfd58167182e",
      "sha256:dd483d508f4fe973530231147b02ddc6b6c37f55c49033c72cbdf6ba02344ade",
      "sha256:a59a4003f162c10058206f0fd5ec05e4d1030e8fbda230f6f0b42db703c16371",
      "sha256:771df443516a2356c15c8131a15530298d56fe758a549b0d5ba043230b97c27b",
      "sha256:2412799f9426ec73d95e2fcb40a93a355afe1a47462c57bea74556a9a4374b34",
      "sha256:c109afd4d6c1abf1b28a9330330600663df5510faece89143289667b62421888",
      "sha256:2e113a2f0f9e4b54eb68660951e7cfafe261130d3650f847cb9972cbd5db4ad3",
      "sha256:5f9e53894206f96568decbf765c5f966471a18867721690729b3fb0796791d15",
      "sha256:a784f0b63c62ff219a4a1346e7952ab35224d41ddb24b8994e2867aff6a953de",
      "sha256:ac28be6eb7fe46d7918961ebdece8129922e16619a558a5bd08b19ffed03263e",
      "sha256:56d83821f7733f17b966024b8ce1e2dff652e5f40f170cbb83e8989ea0827d37",
      "sha256:a114cd3b5fac50f31e43189546a50e390027e5ef770d81427b9fd5ebdbafdf72",
      "sha256:83aa955056ac7ec1af60362e60b95e110f51af03cb0fcf69c24db8f1c4ea0098",
      "sha256:af09bb35eaf7226cd89d2fd5096b56910143c2f34d3ed9d1a5f3f0ed957fa7da",
      "sha256:8a18aeb803314c6e14295be0f383926c76317b469dae9ede8f3b92c162eb3357",
      "sha256:4ced21c225ce29b197864f2aaa0df27ec24a3f0e8baabe5b41ebae4d06841085",
      "sha256:81a9cc0d92065aa66c091c2e98b5e2e1c2f13378ba662fb28eae006ed1d48b3d",
      "sha256:cfb20883725c6ed1dccbff111a3a8dc71215c6ba57c023ad447b84180e625ab4",
      "sha256:fc35dc5886da434e11be07d923baa16741bc0d7ea0d81fb9989aa8ea96fd0143",
      "sha256:f68239f169b998d580107f5c368f5e087bfeed0776af5c736c0eb37fbe16d3bc",
      "sha256:169f435b084becb21073dbe414c5bf4a254f00b5e1a4e74f0ca2da6311501e6e",
      "sha256:8a21d9f1fc39b3495a06e8f9a94a0c5b0aeab36e7b587312e0f83e92d4d57342",
      "sha256:d5c8842f9332d49d18d7d6f6b7b395d106fce08b2aec0ad5133c618463fba21b",
      "sha256:1aac334a9a495dc452ccbdb78e36d2b38dd9aa989ff652f0253dab28bbaea1cd",
      "sha256:7d4c681ab3b2d5398eb92e63c2a4cb32113ef8fb8ed1e4ee0a30573f027c98c4",
      "sha256:f928a38f2ae75f9897ab94afc6d45641a00633722a1696ca8c43b1720d23455c",
      "sha256:5fca136503f86ecc6cb61fbd17b137d59e56b45c7a5494e6b8fd3cabd4697fbd",
      "sha256:1d953c119a73fa8b1187175827726f4c4460b26ef29c954425944ddbedeffd06",
      "sha256:c2e13b87ab7cf9d715ea1bbddd936b5490a6ee58de8e069d935bb2f9b1984dbf",
      "sha256:40200be61e7fbba4b252c4c5dec03ddae1e31559753e3c02a37966858cb11fb1",
      "sha256:7e62fd5703347e72e72475590540b573b691fdea5c1736ce12fe7430346574a7",
      "sha256:ad1fe73af6d68ae2b73923e5251cd1faf8bfe49c5a659050a631954488e136e2",
      "sha256:b1c1aa43fc8347d2ec54366078a07674aef9df43e897f42ebced5af534924eb9",
      "sha256:9e98c36568af92dbb388dfec2b36b3f0d76cb1dc284a6bbe06e98b89204b96f4",
      "sha256:11f4971a98bca31a0221b3d43063d95bb047d557b52909b8e3e7d6b1bbc4b485",
      "sha256:a8e36f2c432d5ea288cbdfc9b8e55174080f0c9778bdd761b40527ad3431a03e",
      "sha256:b35be2cd913b5e064ec955356cf999a0db27176cc86d33dc7237ff825635d125",
      "sha256:9ccd59de718ed1026e378049e946202e6f8bf73a2d950246b0f23184182c4738",
      "sha256:db8d86c0677129e573376d7257287156b770f16571b4db708dbb73d7bb864520",
      "sha256:3dba9786966974701578a658d1bb369bf35bdf5f363079f5ac9c4910a39113be",
      "sha256:ff0c241d3963249c35a7eda5f2769bffd894587f82f07f097983bdfd2808556f",
      "sha256:86e15c88e8f6f8fa0be278f3c6d13cbdd0a1bb4270b21d06c4362a53f78a6612",
      "sha256:e6cba1cfb4f55e82353525b53c2f475d54257bdbad95f7a3751a1467fcef6317",
      "sha256:af168f67ea58a05664a43104bca81bd57ee8c7a0f292ebe14cd310c469bbfd15",
      "sha256:9bf5f1509c3c7fb5147caf6b2adecb76ac08252092075aa6177cc30e2bba5907",
      "sha256:fb60014874e9ba1885b491ae1302bb7f33be8450231e712883e90ad095930c8a",
      "sha256:b8ef3cec785d5221af9a9234dc42971bac70b6050ca44446a0b915a1851b4953",
      "sha256:44423d7c43bde9274e1dbc1b00d6bd14ec7cb2572326eeefa9c6dd6fab47930b",
      "sha256:f4c76b149bb6440b1976340c80db7d2bf23bd947cd44a9b6e4fa111b9a297e5a",
      "sha256:88d431ba29c0f461d88dde54a71d7dd459da15e0eee60d26d9083237bce9a2ea",
      "sha256:06aabcc3980bcb91cbb54fbe7e0c68409be0980d6bbb9c82a7ace705df12a3e5",
      "sha256:f6f7c36cbac55576159b456d754c2450c2ef0172c03d238f026cb79c0d5b2d71",
      "sha256:9d330506bf3e44eb251324c87cf890501cb94e396963a13e2689d762c55d4f27",
      "sha256:838798efd7d1355054b5caac17f390a405b153c1598e18b342a24f72877cdfe2",
      "sha256:1a2114a79622e1e05fecefa16b8b68636108550726bd3b762098a0a64bc30fbf",
      "sha256:6cb58fc8ee741bef6c8238d77779565778aa031eba65089f5da3ea585a2548de",
      "sha256:b88ee66877ce812eb0c5b26128214885cb593bdaa9e591225192fa2dff7a5e01",
      "sha256:d0359053d4f8299509889d6b3632b06bdc11251b93af8aa4385b08f435316439",
      "sha256:607e6a86c80d4ac10a0666334c3e4e11d0227f27422c638906228ae92b228f44",
      "sha256:d9531a52ee8c926da3dba2380de068a91c227f23e527d022eba46eb4a175b3e2",
      "sha256:5a9b9b9a7cd86388c74ff166b562dd02eadc93d130d603668e8b3b8d9c95456d",
      "sha256:b6624501fa4d9de0d08ed0ed9df5e0fda9f97f360c3326880047cad5e6f4ba1f",
      "sha256:2fcebe2c2d8e7960c8b216b3db8591109486b45b65d846903d5ee7c9796a8152",
      "sha256:05ae8f11b8f9012ebebbf179227b010829739c6284e30da5dd3db220ee682f8a",
      "sha256:3126bd1fb8a22e52078b16d984fd9ffdace5ce7da916cf2ce64e798641bc02d6",
      "sha256:1da443bc5a8a640b164fa0f9708fa2194a06cbca150a1f91308eef10cc618e3a",
      "sha256:ca3996fc81d210370754c1581b06bbbee8401e457843558126863833a1497afc",
      "sha256:749967f5678549ad66413e6f58ca658fe5b6c7081b90e454610b1591793f3fd9",
      "sha256:f962fd4d2f69cc2ef25db10f2e62ab65dfc8bb29d01e660db8a284a3ec8fc2be",
      "sha256:200a0ee9cb70673929c78f989b6840a5167f2c79091e43216e29d6e142809b7d",
      "sha256:807cc8522092fe78a44b56142d4fa3e72f612c8d30f87d85e7b8cef1f33fd035",
      "sha256:883be1cc01c81af7f5d5a9cf121bba22cf58a0c8e4fb9285b7d4a1daf8b9eda6",
      "sha256:60e7a736d44e1e7700a24fbb830cbdb3c860ca3c2c714c8d8f461c1bb353d38a",
      "sha256:3f1033cf99cae21cff8109a93846e3e664745b97ce764184f34d89e63ee09202",
      "sha256:c9e18c0c07479bb623d3d13b38883d0f1384dd7563e8fd3d75f89e56f5cade7e"
    ],
    "removedSignatures": [],
    "workTime": 1.2240694E7,
    "language": "n/a",
    "locale": "en_US",
    "timezone": "Europe/Berlin",
    "branding": [
      "Minecraft 1.7.10",
      "MCP v9.05",
      "FML v7.10.99.99",
      "Minecraft Forge 10.13.4.1448",
      "206 mods loaded, 206 mods active"
    ],
    "runtime": {
      "mcp": "MCP v9.05",
      "fml": "7.10.99.99",
      "forge": "10.13.4.1448"
    },
    "minecraft": "Minecraft 1.7.10",
    "javaVersion": "Oracle Corporation 1.8.0_45",
    "tags": [
      "3.2.7.0",
      "Custom",
      "RR 3-DEV-089"
    ],
    "side": "server",
    "obfuscated": true,
    "type": "analytics"
  }
]