[
  {
    "signatures": [
      {
        "signature": "sha256:d30f7f9b624e3064852af1642e4d6988aeea689a8a6871c5d074572bddce0283",
        "filename": "DIMENSIONAL-ANCHOR-59.0.2.jar"
      },
      {
        "signature": "sha256:ac6d9e7b6d4f8a48eaff7d896c48b817ec4969754c9f50f96ea652cc963a5376",
        "filename": "ASIETWEAKS-1.7.10-0.0.2.jar"
      },
      {
        "signature": "sha256:6badba74bb358a82fac5ec2aefc736ac53ac3391932f5c42874c53d39948601d",
        "filename": "NETHERORES-[1.7.10]2.3.0-12.jar"
      },
      {
        "signature": "sha256:388e44ae199bd3efb39ed23578f45d00c1e5b490c7ca8d7bc5234671328a5cb5",
        "filename": "ENDERZOO-1.7.10-1.0.11.28.jar"
      },
      {
        "signature": "sha256:d64560120f070b86caf95a9fdeb470abd26076fe0a433239edda100a79662606",
        "filename": "ARCHIMEDESSHIPS-1.7.1.jar"
      },
      {
        "signature": "sha256:771df443516a2356c15c8131a15530298d56fe758a549b0d5ba043230b97c27b",
        "filename": "BIGREACTORS-0.4.3A.jar"
      },
      {
        "signature": "sha256:5fca136503f86ecc6cb61fbd17b137d59e56b45c7a5494e6b8fd3cabd4697fbd",
        "filename": "commons-compress-1.8.1.jar"
      },
      {
        "signature": "sha256:51d636d9d246af3923baa71c2bc8c1114ccba25d7968dc3e416a257c6e768c8f",
        "filename": "MORPHEUS-1.7.10-1.5.26.jar"
      },
      {
        "signature": "sha256:221893681d03781a1691308efe07847f323e5a0e735995c2f6b5a17f40b413fd",
        "filename": "NEIADDONS-1.12.8.30-MC1.7.10.jar"
      },
      {
        "signature": "sha256:f289ed2091281fed154004b94286ec398aa80f531dbc129b8bde664b1a6c3e1b",
        "filename": "ForgeMultipart-1.7.10-1.1.2.334-universal.jar"
      },
      {
        "signature": "sha256:b31d29a9756fc282e7e86017853139ba1aa885e3992d8c063c3cd5c3554d1277",
        "filename": "MEKANISMGENERATORS-1.7.10-8.1.2.229.jar"
      },
      {
        "signature": "sha256:c023c00cd531887b45c8d2650559159510a192fc0f016f769b1cc492d8c47810",
        "filename": "[1.7.10]bspkrsCore-universal-6.16.jar"
      },
      {
        "signature": "sha256:eeb609e6b77b1fdfe68b4ef8560031a456c1ec64919394747f2727b92ff954b7",
        "filename": "TECHNOMANCY - 0.10.I - 1.7.10.jar"
      },
      {
        "signature": "sha256:63dd713fcfc070676625cc6142113b5ba359571c998305f63518c09a310fb086",
        "filename": "BIGTREES-172B-FORGE1060.jar"
      },
      {
        "signature": "sha256:3dba9786966974701578a658d1bb369bf35bdf5f363079f5ac9c4910a39113be",
        "filename": "THAUMCRAFT-1.7.10-4.2.3.5.jar"
      },
      {
        "signature": "sha256:738a86c4a6eab4a00e14f641608a3e82ac93ea71faaf21a0c578ffe193ff904b",
        "filename": "INFERNALMOBS-1.7.10.jar"
      },
      {
        "signature": "sha256:35518aeb39906ca7f51f2ba70673dc4fa9cfbbfb5ef7de2c3b61627f607b89dc",
        "filename": "DECOCRAFT-V1.12B_1.7.10.jar"
      },
      {
        "signature": "sha256:1a2114a79622e1e05fecefa16b8b68636108550726bd3b762098a0a64bc30fbf",
        "filename": "SSR-RC3.jar"
      },
      {
        "signature": "sha256:fdefead766de0bf9240202680acb7ce072d674b0995736ece3d34357c2c51cc3",
        "filename": "ARTIFACTS-1.1.1.jar"
      },
      {
        "signature": "sha256:e146afa8d859febbf6ee6fb81db0d6602407f10f8c6a2bf095979f88aac7c7b7",
        "filename": "AOBD-2.6.2.jar"
      },
      {
        "signature": "sha256:838798efd7d1355054b5caac17f390a405b153c1598e18b342a24f72877cdfe2",
        "filename": "BIBLIOWOODS[BIOMESOPLENTY][V1.9].jar"
      },
      {
        "signature": "sha256:0e9d18a536507dfbf7a2da3bee16e75cb9fbaac01bcaef6d318340f92ac37987",
        "filename": "forge-1.7.10-10.13.3.1401-1710ls-universal.jar"
      },
      {
        "signature": "sha256:e39a342bec8f242acdda20dbc625063a658da055db7898c82ce4e82dc5c72d94",
        "filename": "APPLIEDENERGISTICS2-RV2-STABLE-1.jar"
      },
      {
        "signature": "sha256:2ccb4d6cf908c50b7b1984dcbdded597903169fabd572fdf6895100f89d8cdc5",
        "filename": "NEIINTEGRATION-MC1.7.10-1.0.9.jar"
      },
      {
        "signature": "sha256:dd483d508f4fe973530231147b02ddc6b6c37f55c49033c72cbdf6ba02344ade",
        "filename": "METALLURGYCORE-1.7.10-4.0.4.18.jar"
      },
      {
        "signature": "sha256:e1ed114a61c4581b050f8db9932aa14bac4ac322994be51015ebc8e4cad66287",
        "filename": "DENSEORES-1.6.2.jar"
      },
      {
        "signature": "sha256:e6cba1cfb4f55e82353525b53c2f475d54257bdbad95f7a3751a1467fcef6317",
        "filename": "COFHLIB-[1.7.10]1.0.2-160.jar"
      },
      {
        "signature": "sha256:6895ef5ebe6f50bc5e114a843583aea725321d86f46adea39561e73774fade94",
        "filename": "AROMA1997CORE-1.7.10-1.0.2.13.jar"
      },
      {
        "signature": "sha256:87786529552286afcbb81c1dea35c83e59b7bfc12468b891e237ffeaa68bf5fe",
        "filename": "FLAXBEARDSSTEAMPOWER-1.7.10-0.28.7.jar"
      },
      {
        "signature": "sha256:b8ef3cec785d5221af9a9234dc42971bac70b6050ca44446a0b915a1851b4953",
        "filename": "TMECHWORKS-1.7.10-0.2.14.100.jar"
      },
      {
        "signature": "sha256:b927f60a573bbcbb8048459779e63d53c4b85506dbdbec290dadbd24d684eed8",
        "filename": "FOSSILS_ARCHEOLOGY_REVIVAL-1.7.10_BUILD-7.1.jar"
      },
      {
        "signature": "sha256:fbbf9b576222228a675c07a383813381800d2d3ba0966280df165a6e6176ef70",
        "filename": "MEKANISMTOOLS-1.7.10-8.1.2.229.jar"
      },
      {
        "signature": "sha256:2412799f9426ec73d95e2fcb40a93a355afe1a47462c57bea74556a9a4374b34",
        "filename": "IMMIBIS-PERIPHERALS-59.0.2.jar"
      },
      {
        "signature": "sha256:c0dafe3ac28f31265c02b6975b8f31f6981c42902cd8d7eb32b5414012027dbe",
        "filename": "STEVESFACTORYMANAGERA93.jar"
      },
      {
        "signature": "sha256:512053acf6baa6b6e3dca1b1c52c2f90ae821b3e1101ba58572136720e66cd81",
        "filename": "CHISELFACADES-1.7.10-2.10-CRICKET.jar"
      },
      {
        "signature": "sha256:a300fcf2c43ab26eb1eb380a13efdcc6c1c46f0a502da219a4b58337df52ef7b",
        "filename": "IRONCHEST-1.7.10-6.0.62.742-UNIVERSAL.jar"
      },
      {
        "signature": "sha256:eddb0d60c829d8f157537967b5641ca6ea603adb4b354bede2437a1c32be30df",
        "filename": "BLOODMAGIC-1.7.10-1.3.2-1.jar"
      },
      {
        "signature": "sha256:1da443bc5a8a640b164fa0f9708fa2194a06cbca150a1f91308eef10cc618e3a",
        "filename": "METALLURGY-1.7.10-4.0.8.97.jar"
      },
      {
        "signature": "sha256:c5f93519168f95e78bceaafbc8cd5a9a083e0d70d5ece07289f32941a6295017",
        "filename": "NATURA-1.7.10-2.2.0.1.jar"
      },
      {
        "signature": "sha256:86e15c88e8f6f8fa0be278f3c6d13cbdd0a1bb4270b21d06c4362a53f78a6612",
        "filename": "BIBLIOCRAFT[V1.10.4][MC1.7.10].jar"
      },
      {
        "signature": "sha256:231a8fbffba0980af44471dd8801190375462e2d5a4331a071ba7b823810147d",
        "filename": "INPURECORE-[1.7.10]1.0.0B9-62.jar"
      },
      {
        "signature": "sha256:2af0c7d60505e4c5ac6c5bf16dc85ccacc30722fe5ebce81f28be7cdaa704e32",
        "filename": "NOTENOUGHITEMS-1.7.10-1.0.4.106-UNIVERSAL.jar"
      },
      {
        "signature": "sha256:8a74e57f2aabf3217309da9c45a0aa582da8ac5a873995ff3d1d0846ab776f2a",
        "filename": "PROJECTRED-1.7.10-4.6.0.79-INTEGRATION.jar"
      },
      {
        "signature": "sha256:4640e9bfb305ab5016a9fc7d3dd262e3a4b58c06c148dfb298c463647ea00479",
        "filename": "COMPACTMACHINES-1.7.10-1.19-FLUIDS-PREVIEW-B5.jar"
      },
      {
        "signature": "sha256:3ff4e08f841f86bac63562c05d99ebfdb752b6b17a6d6b759e5c3b115e123565",
        "filename": "IMMIBIS-CORE-59.1.0.jar"
      },
      {
        "signature": "sha256:c109afd4d6c1abf1b28a9330330600663df5510faece89143289667b62421888",
        "filename": "CRAFTHERALDRY 1.1.3.jar"
      },
      {
        "signature": "sha256:421c7ad3ea1e9b84ff291fee58af1fa9562164e423fc2a8c9845dd2fccb861e9",
        "filename": "GUIDE-API-1.7.10-1.0.0-16.jar"
      },
      {
        "signature": "sha256:a114cd3b5fac50f31e43189546a50e390027e5ef770d81427b9fd5ebdbafdf72",
        "filename": "THERMALEXPANSION-[1.7.10]4.0.1-182.jar"
      },
      {
        "signature": "sha256:de50dff81a152e312d519d10c80a52e30d750ee3753f1653b3ae43c36d8c94af",
        "filename": "AE2STUFF-0.3.0.28-MC1.7.10.jar"
      },
      {
        "signature": "sha256:f29913087210b62f52c3c6f8c0bf867179c8086fa67d157eb067d94e772a117f",
        "filename": "THAUMICTINKERER-2.5-1.7.10-489.jar"
      },
      {
        "signature": "sha256:1b4aed5d119e43bc4ea773c7a96c9b962c5aacbcb0912fb2437672cc33ed9633",
        "filename": "THERMALSMELTERY-1.7.10-1.2.1.jar"
      },
      {
        "signature": "sha256:d5c8842f9332d49d18d7d6f6b7b395d106fce08b2aec0ad5133c618463fba21b",
        "filename": "FORBIDDEN MAGIC-1.7.10-0.562.jar"
      },
      {
        "signature": "sha256:9b99557c75413d2af04d25e2051522ef5ae52b9822359983446d063ed2541e1d",
        "filename": "PROJECTBLUE-1.1.2-MC1.7.10.jar"
      },
      {
        "signature": "sha256:38194e360c32b5a839feb1e27b600b1f793624c7d002918d063c2ecefdcdc4cc",
        "filename": "OPENPERIPHERALCORE-1.7.10-1.1.1.jar"
      },
      {
        "signature": "sha256:43dc664e41d072888fd69a8916a13a4fd046a8db635bbe5981e14d6b0cc3cddf",
        "filename": "MALISISCORE-1.7.10-0.11.3.jar"
      },
      {
        "signature": "sha256:8a18aeb803314c6e14295be0f383926c76317b469dae9ede8f3b92c162eb3357",
        "filename": "MAGICBEES-1.7.10-2.1.22.jar"
      },
      {
        "signature": "sha256:ff0c241d3963249c35a7eda5f2769bffd894587f82f07f097983bdfd2808556f",
        "filename": "AROMA1997S-DIMENSIONAL-WORLD-1.7.10-1.1.0.1.jar"
      },
      {
        "signature": "sha256:d9c3609317bd1e9809d2e7830e863a0c7a50d0831b78333273a2c980d5e64fc6",
        "filename": "TRANSLOCATOR-1.7.10-1.1.1.14-UNIVERSAL.jar"
      },
      {
        "signature": "sha256:3126bd1fb8a22e52078b16d984fd9ffdace5ce7da916cf2ce64e798641bc02d6",
        "filename": "COFHCORE-[1.7.10]3.0.2-262.jar"
      },
      {
        "signature": "sha256:bcce8c3e8f293ac28b7a7cd9fc27a47b273b442c06724dd84cfcacf30e4c3796",
        "filename": "GENERATORS-0.9.13.68-MC1.7.10.jar"
      },
      {
        "signature": "sha256:301ceb6e6771f9ea075ebe5635f2036bd44fd363490dcc37aa2de4385d960797",
        "filename": "MALISISDOORS-1.7.10-1.7.1.jar"
      },
      {
        "signature": "sha256:c5e7c29bd9bec8f606ba6fa224ef0285e3c6fa24770c0b5116e15086cac0eef3",
        "filename": "MANTLE-1.7.10-0.3.2.jar"
      },
      {
        "signature": "sha256:49c371675cc96d02e3ac42748df6bd75292c5af339ebc15f70ab4f9a54546a86",
        "filename": "BUILDCRAFT-6.4.15.jar"
      },
      {
        "signature": "sha256:56d83821f7733f17b966024b8ce1e2dff652e5f40f170cbb83e8989ea0827d37",
        "filename": "WAILAHARVESTABILITY-MC1.7.X-1.1.2.jar"
      },
      {
        "signature": "sha256:50b9df8c41ce1298446cadf0fc2492b58f4ffde251285a167d788ca6826fba0c",
        "filename": "MINEFACTORYRELOADED-[1.7.10]2.8.0-104.jar"
      },
      {
        "signature": "sha256:776baa68d1783f03902703fbd6367ec705592543dc132281c74830b02f0098fd",
        "filename": "PNEUMATICCRAFT-1.7.10-1.6.9-73-UNIVERSAL.jar"
      },
      {
        "signature": "sha256:e02b6d72a56b2b4a132e8f7ca0b63f8d3bd3a7d1788631ef950e838005b3d2eb",
        "filename": "THERMALFOUNDATION-[1.7.10]1.0.0-81.jar"
      },
      {
        "signature": "sha256:a10c31c2f963a0cc8edf223ed556d0e6fdcea61e248e7252201f9697f4927efe",
        "filename": "CHOCOCRAFT-4.1.5.jar"
      },
      {
        "signature": "sha256:47e6dcd327be2ea2fde3f484128f57fbe4bde92bc675550152d233c309985333",
        "filename": "CODECHICKENCORE-1.7.10-1.0.6.43-UNIVERSAL.jar"
      },
      {
        "signature": "sha256:656267cc5c84631f000d4a8b1f3a92efb91d87cedd783a1c3ca14bef724e7a02",
        "filename": "CodeChickenLib-1.7.10-1.1.3.136-universal.jar"
      },
      {
        "signature": "sha256:a985c0712e195bef958d94fb74e3f5132398caa46a1b727faeda9baad6ab8784",
        "filename": "TWILIGHTFOREST-1.7.10-2.3.7.jar"
      },
      {
        "signature": "sha256:b0d5758c5c9bea894eccd74210cfc9d68eb1384806161d2394e726f1352defe1",
        "filename": "COMPUTERCRAFT1.73.jar"
      },
      {
        "signature": "sha256:fb60014874e9ba1885b491ae1302bb7f33be8450231e712883e90ad095930c8a",
        "filename": "SIMPLYJETPACKS-MC1.7.10-1.4.1.jar"
      },
      {
        "signature": "sha256:2e113a2f0f9e4b54eb68660951e7cfafe261130d3650f847cb9972cbd5db4ad3",
        "filename": "ENDERCOMPASS-1.7.10-1.1.jar"
      },
      {
        "signature": "sha256:68c331f624cea6c0827a31e96a6dce2e75461227c42da70f11ba765a8c6a8cec",
        "filename": "WITCHERY-1.7.10-0.24.1.jar"
      },
      {
        "signature": "sha256:3d90ed26a2882eced16fda80db9406fcca84fd578527c27783bd789f6fd5c6a0",
        "filename": "TTCORE-MC1.7.10-0.1.1-76.jar"
      },
      {
        "signature": "sha256:eaf0ed532163f1d1c23b5f4dd4175bdef0880e36df8e1d4fc5c86814dc153906",
        "filename": "PROJECTRED-1.7.10-4.6.0.79-COMPAT.jar"
      },
      {
        "signature": "sha256:1658132c8cefecd2fde6bb8593e6e4827f34a2c5b2f4dc75fbe15ce81a035ff7",
        "filename": "RECURRENTCOMPLEX-0.9.6.2.jar"
      },
      {
        "signature": "sha256:cfaf6729bf9f0f391cfac1fae898922a34207abdbf3e197d9910239ece37b180",
        "filename": "THERMALRECYCLING-1.7.10-0.3.4.1.jar"
      },
      {
        "signature": "sha256:bc2958857276efc083b7e118856dba8819de6377926eb13506699f043fbdb26e",
        "filename": "WAILAPLUGINS-MC1.7.10-0.0.1-15.jar"
      },
      {
        "signature": "sha256:6197bd9d600791c2e1ec9b9c1c4eba630bdbb9e6220a778161f2c59823e21856",
        "filename": "THEEREBUS-0.2A.jar"
      },
      {
        "signature": "sha256:69475fa652992066d3a5a3fdf2e7706f7ecee99e0fbcf54c367d4b5f883d7e25",
        "filename": "RAILCRAFT_1.7.10-9.6.1.0.jar"
      },
      {
        "signature": "sha256:c2e13b87ab7cf9d715ea1bbddd936b5490a6ee58de8e069d935bb2f9b1984dbf",
        "filename": "THERMALDYNAMICS-[1.7.10]1.0.0-122.jar"
      },
      {
        "signature": "sha256:17df549df490e407187581cd0f8d6c31728500c8d75b19b2d74018a43c125458",
        "filename": "THAUMICENERGISTICS-0.8.10.1.jar"
      },
      {
        "signature": "sha256:749967f5678549ad66413e6f58ca658fe5b6c7081b90e454610b1591793f3fd9",
        "filename": "OPENPERIPHERALADDONS-1.7.10-0.3.1.jar"
      },
      {
        "signature": "sha256:2702aa3c22aab02016e3d400ee2949d814816281dc87691b3d54d6f37235745b",
        "filename": "CALCULATOR-1.7.10-1.6.8.jar"
      },
      {
        "signature": "sha256:656267cc5c84631f000d4a8b1f3a92efb91d87cedd783a1c3ca14bef724e7a02",
        "filename": "CodeChickenLib-1.7.10-1.1.3.136-universal.jar"
      },
      {
        "signature": "sha256:cad0c499e775bb767990eabc63004627d9c1339cbeac5bfd01de5c2e1a826fcb",
        "filename": "AUTOMAGY-1.7.10-0.22.2.jar"
      },
      {
        "signature": "sha256:c00fa1f72440f8ec8f893790f64c9cd1e93dd5f09672f19b5dc8fcfdbfbeab20",
        "filename": "BIBLIOWOODS[FORESTRY][V1.7].jar"
      },
      {
        "signature": "sha256:ec43582b61083b81e047a4e1c2f709a2a75f0fd4b9d75305eb26991531dd046d",
        "filename": "LibSandstone-1.0.0.jar"
      },
      {
        "signature": "sha256:907e3a46c9dbe4e45fe090355b0a42f6c0a4f8078e85b0a57ef4a906e7f9b934",
        "filename": "HUNGEROVERHAUL-1.7.10-1.0.0.jar"
      },
      {
        "signature": "sha256:da061c80f4b5c267d661effba98a30888a31c8489a7b3270cfb4d5380c871b3d",
        "filename": "MrTJPCore-1.7.10-1.0.6.13-universal.jar"
      },
      {
        "signature": "sha256:819a026783df6f3a23872fef44552ae3a502d849c91e621ca2ab490c5fe2a37b",
        "filename": "OPENCOMPUTERS-MC1.7.10-1.5.9.21-UNIVERSAL.jar"
      },
      {
        "signature": "sha256:44423d7c43bde9274e1dbc1b00d6bd14ec7cb2572326eeefa9c6dd6fab47930b",
        "filename": "WAILA-1.5.10_1.7.10.jar"
      },
      {
        "signature": "sha256:076f888fbd0c87ee0e8f969b808ba5a661f4588a1002a78d40e7618c49e0b9b1",
        "filename": "PROJECTRED-1.7.10-4.6.0.79-LIGHTING.jar"
      },
      {
        "signature": "sha256:a8e36f2c432d5ea288cbdfc9b8e55174080f0c9778bdd761b40527ad3431a03e",
        "filename": "REFINEDRELOCATION-1.7.10-1.0.8B.jar"
      },
      {
        "signature": "sha256:6314fe06b58d2216ec42ed210996d08ab54108afe8d6aa4e884c762aa0f875a0",
        "filename": "COMPUTRONICS-1.7.10-1.5.0.jar"
      },
      {
        "signature": "sha256:2d45b68b1cc42395014fa3466b74bb09e63b7bcbf9c2ec17371d57b741c4ad90",
        "filename": "LOGISTICSPIPES-0.8.3.119.jar"
      },
      {
        "signature": "sha256:064f8511263b070223d38be23c0e8e25d50604c27dd91067ae80b7ded642ff13",
        "filename": "PROJECTRED-1.7.10-4.6.0.79-MECHANICAL_BETA.jar"
      },
      {
        "signature": "sha256:d9531a52ee8c926da3dba2380de068a91c227f23e527d022eba46eb4a175b3e2",
        "filename": "TCONSTRUCT-1.7.10-1.8.5.jar"
      },
      {
        "signature": "sha256:fc35dc5886da434e11be07d923baa16741bc0d7ea0d81fb9989aa8ea96fd0143",
        "filename": "BACKPACK-2.0.1-1.7.X.jar"
      },
      {
        "signature": "sha256:7d4c681ab3b2d5398eb92e63c2a4cb32113ef8fb8ed1e4ee0a30573f027c98c4",
        "filename": "REDSTONEARMORY-1.7.10-1.1-22-UNIVERSAL.jar"
      },
      {
        "signature": "sha256:9a207f88d59dc0bceae6e12621c862bef7df0fff20df4da29d71c2e8b82fb3fe",
        "filename": "SPRINKLESFORVANILLA-1.7.10-1.2.2.jar"
      },
      {
        "signature": "sha256:3624d6cb1fdeaa70a21a4a51b4eab5abb8c3b5b5312342a12a56295e37bb3578",
        "filename": "BOTANIA R1.6-189.jar"
      },
      {
        "signature": "sha256:527e39b2b9ff5351cb17635bd1d0bfce0527fe0828b6074b8d680e73d87c6fbd",
        "filename": "WR-CBE-1.7.10-1.4.1.9-UNIVERSAL.jar"
      },
      {
        "signature": "sha256:eec96c6b72696fde2d65bec50527f925fe3ef7ec9c730e8228ef67f741242df7",
        "filename": "BINNIE-MODS-2.0-PRE8.jar"
      },
      {
        "signature": "sha256:9bf5f1509c3c7fb5147caf6b2adecb76ac08252092075aa6177cc30e2bba5907",
        "filename": "SUPERCRAFTINGFRAME-1.7.10.3.jar"
      },
      {
        "signature": "sha256:4ced21c225ce29b197864f2aaa0df27ec24a3f0e8baabe5b41ebae4d06841085",
        "filename": "FUNKY-LOCOMOTION-1.7.10-BETA-5C.jar"
      },
      {
        "signature": "sha256:b0639bb0a5c05143d5c12ce8c7eb1797e2f8eaddf8a607d59ec88d7e56197fd2",
        "filename": "PROJECTRED-1.7.10-4.6.0.79-BASE.jar"
      },
      {
        "signature": "sha256:0363839782f834ae379a5b554daa92a42edc490bc90b0c2a9a2bd456c6ca6e01",
        "filename": "ANCIENTWARFARE-2.4.98-BETA-MC1.7.10-FULL.jar"
      },
      {
        "signature": "sha256:27c2f4df43ec10072dc3b889c430f502054baad3f4b0d1911dc24f64fdf89096",
        "filename": "STEVESADDONS-1.7.10-0.10.9.jar"
      },
      {
        "signature": "sha256:b88ee66877ce812eb0c5b26128214885cb593bdaa9e591225192fa2dff7a5e01",
        "filename": "JABBA-1.2.1_1.7.10.jar"
      },
      {
        "signature": "sha256:05ae8f11b8f9012ebebbf179227b010829739c6284e30da5dd3db220ee682f8a",
        "filename": "Baubles-1.7.10-1.0.1.10.jar"
      },
      {
        "signature": "sha256:90cae2707df218dadd73f20b3d24760c2414c27ef96f4e155f87201f80a0d3e5",
        "filename": "REDSTONEARSENAL-[1.7.10]1.1.0-80.jar"
      },
      {
        "signature": "sha256:438c84f4ec41369d80b0bfb8d6ed1ac203d8481908c1b57200175d09af9d69b2",
        "filename": "ASIELIB-1.7.10-0.4.0.jar"
      },
      {
        "signature": "sha256:ad1fe73af6d68ae2b73923e5251cd1faf8bfe49c5a659050a631954488e136e2",
        "filename": "IRIDIUM MOD-1.0.2.jar"
      },
      {
        "signature": "sha256:534313028fe05f39cffee217f385e222cf17ed258a95292d25982248f20d0193",
        "filename": "FASTCRAFT-1.21.jar"
      },
      {
        "signature": "sha256:c60aa318787341b4bcebc8c4f97c340bed0285955f1183fc1749fd70235f771b",
        "filename": "RANDOMTHINGS-2.2.4.jar"
      },
      {
        "signature": "sha256:25e1f3e13ead1759a6ddcbe7ec803140693bcd9a1c45ef2320e4290ec351e6e4",
        "filename": "ENHANCEDPORTALS_1.7.10-UNIVERSAL-3.0.10.jar"
      },
      {
        "signature": "sha256:7bdf5210ae0f2fa3536bc5c04bb510238946c2a7f2b8a2c2d18d2271056393eb",
        "filename": "OPENBLOCKS-1.7.10-1.4.3.jar"
      },
      {
        "signature": "sha256:f44ba00f9ab5f399a534784b054d42228812fa48d413314cdc3680c642c9f16b",
        "filename": "ENDERSTORAGE-1.7.10-1.4.7.36-UNIVERSAL.jar"
      },
      {
        "signature": "sha256:353ab1156cb34e08329624ae98ae19e31315558a0e28e9b5d2f520c70a8a799d",
        "filename": "IVTOOLKIT-1.2.jar"
      },
      {
        "signature": "sha256:586dfca66e880638b75a92634c51db55dfd65cccd5bd49c4e33c55755320cf66",
        "filename": "STEVESWORKSHOP-0.5.1.jar"
      },
      {
        "signature": "sha256:431d3353f10c85b2c530f82e708a182fcde6e47a75ba6a641ef683f477bbbfdc",
        "filename": "ROUTERREBORN-1.7.10-1.1.10-UNIVERSAL.jar"
      },
      {
        "signature": "sha256:ca3996fc81d210370754c1581b06bbbee8401e457843558126863833a1497afc",
        "filename": "JAVA7CHECKER  MC-1.7.10  V1.1.jar"
      },
      {
        "signature": "sha256:c79e5f2a1a3cf69c52d5d8c48d4972d16630f54ef7280c7b77ebc588c197f773",
        "filename": "INDUSTRIALCRAFT-2-2.2.720-EXPERIMENTAL-API.jar"
      },
      {
        "signature": "sha256:b6624501fa4d9de0d08ed0ed9df5e0fda9f97f360c3326880047cad5e6f4ba1f",
        "filename": "OPENEYE-0.6-1.7.10-SNAPSHOT-141.jar"
      },
      {
        "signature": "sha256:f5c297d58db9cc784394d56b41f11d42d6d7dc2838d8c0d93f3cefb3e922057e",
        "filename": "EXTRATIC-1.7.10-1.4.4.jar"
      },
      {
        "signature": "sha256:e4a3dd27370920b2be108ba7a18efe720a521d4956abb34a8ebf74958ff25f55",
        "filename": "LUNATRIUSCORE-1.7.10-1.1.2.21-UNIVERSAL.jar"
      },
      {
        "signature": "sha256:87bde2c07ddf631cc14c513cccd83ff746f2ac44e241e821407819d6eb34aef5",
        "filename": "CARPENTERS BLOCKS V3.3.6 - MC 1.7.10.jar"
      },
      {
        "signature": "sha256:501e7c1e5c79786f8b76d5f0b1743cfd2f6fcf4b68400de8e5ce54695ac293ca",
        "filename": "WAWLA-1.2.1_1.7.10.jar"
      },
      {
        "signature": "sha256:3dfa960054bad3fdba76eed74e75ba78860fca1843c30290527171035c4d6b77",
        "filename": "PROJECTRED-1.7.10-4.6.0.79-WORLD.jar"
      },
      {
        "signature": "sha256:a59a4003f162c10058206f0fd5ec05e4d1030e8fbda230f6f0b42db703c16371",
        "filename": "STEVESCARTS2.0.0.B18.jar"
      },
      {
        "signature": "sha256:00d48fbb187f694e34190c47645bc48a48e170ca234422b6caea6bd65dc573fb",
        "filename": "ELECTRICALAGE_BETA-1.9_R46.jar"
      },
      {
        "signature": "sha256:b316d93f50e87551a7e29d1267dd3bd41e5eb40cb8381d5ae004d746a6a850fe",
        "filename": "PAMS HARVESTCRAFT 1.7.10H.jar"
      },
      {
        "signature": "sha256:7e5fe8e9666ed04c74fde3ed98633a4230aa3720a49634787a8f52a00f1bb34c",
        "filename": "CHISEL2-2.3.10.37.jar"
      },
      {
        "signature": "sha256:ad19d2601c3abf0b946b5c3a4113e226a8c1e3305e395b90013b78dd94a723ce",
        "filename": "commons-codec-1.9.jar"
      },
      {
        "signature": "sha256:de8ede5dfcdee1c43a7b4a4d7fd3f2fc06e38922b6c4b0535282d8802298f1b9",
        "filename": "ENCHIRIDION 2-1.7.10-2.0.1.jar"
      },
      {
        "signature": "sha256:699cc5740e31bf67b0ed12a840f7687c02e0a41cb1928c172343690107e72d31",
        "filename": "OPENMODSLIB-1.7.10-0.7.3.jar"
      },
      {
        "signature": "sha256:1d953c119a73fa8b1187175827726f4c4460b26ef29c954425944ddbedeffd06",
        "filename": "MODTWEAKER 2-0.8.0.jar"
      },
      {
        "signature": "sha256:9ccd59de718ed1026e378049e946202e6f8bf73a2d950246b0f23184182c4738",
        "filename": "MINETWEAKER3-1.7.10-3.0.9C.jar"
      },
      {
        "signature": "sha256:6b5b8e6e537241fdb22e8c4abe8e5e43cb9badf2368c5d8b77fc379dfa319650",
        "filename": "GARDENSTUFF-1.7.10-1.6.2.jar"
      },
      {
        "signature": "sha256:4bf193e3b9a91bceef65e82f6a27ee5c050d29552ef7e1606f222a79571fc44e",
        "filename": "CHICKENCHUNKS-1.7.10-1.3.4.19-UNIVERSAL.jar"
      },
      {
        "signature": "sha256:f4c76b149bb6440b1976340c80db7d2bf23bd947cd44a9b6e4fa111b9a297e5a",
        "filename": "OPENPERIPHERALINTEGRATION-1.7.10-0.2.2.jar"
      },
      {
        "signature": "sha256:dd6a49da67f7a6a6a5bd68e914a083e25b5a3d8a73f6c14852712e581ac88992",
        "filename": "BDLIB-1.7.2.81-MC1.7.10.jar"
      },
      {
        "signature": "sha256:fcc9eb775fd0d1393fc5bfe1eb2ca792d2c17c066f7adeef552149bf9d7aae22",
        "filename": "MEKANISM-1.7.10-8.1.2.229.jar"
      },
      {
        "signature": "sha256:ea78fbc26bc2ae6114b8045c3bc34a389e51a7add3433b47abbc25301a5adffd",
        "filename": "ENDERIO-1.7.10-2.2.8.381.jar"
      },
      {
        "signature": "sha256:86c89b672e2feba3288eb7f901caf94a5a0059169867164866b19ca1e8baff62",
        "filename": "SANGUIMANCY-1.7.10-1.1.9-29.jar"
      },
      {
        "signature": "sha256:78cbf8e2cf8b2ff6d838e2343677150b3e61fb4ec931a181e4b298f7c90f323e",
        "filename": "GENDUSTRY-1.4.11.85-MC1.7.10.jar"
      },
      {
        "signature": "sha256:3b718ba0e5faaa786329498c3ddd1f31a39d40916c4917291e6acfd58167182e",
        "filename": "APPLECORE-MC1.7.10-1.1.0.jar"
      },
      {
        "signature": "sha256:f6f7c36cbac55576159b456d754c2450c2ef0172c03d238f026cb79c0d5b2d71",
        "filename": "GREGSLIGHTING-1.11.1-MC1.7.10.jar"
      },
      {
        "signature": "sha256:d5448c9f42a2d62ecde991da3eae923e50d1b9f004b5aec6ed297b7140a77297",
        "filename": "FORESTRY_1.7.10-3.5.6.15.jar"
      },
      {
        "signature": "sha256:bfb3d413e67222c146a82e0e53a96024424c50a543655bbe0e4395a16046b4ff",
        "filename": "BIBLIOWOODS[NATURA][V1.5].jar"
      },
      {
        "signature": "sha256:9e3d629610ae40ead4d822c32358d7ad82fc0b4fd0954a3c9d8f6c8f1ca62df7",
        "filename": "EXTRAUTILITIES-1.2.4C.jar"
      }
    ],
    "addedSignatures": [
      "sha256:d64560120f070b86caf95a9fdeb470abd26076fe0a433239edda100a79662606",
      "sha256:f29913087210b62f52c3c6f8c0bf867179c8086fa67d157eb067d94e772a117f",
      "sha256:d9c3609317bd1e9809d2e7830e863a0c7a50d0831b78333273a2c980d5e64fc6",
      "sha256:527e39b2b9ff5351cb17635bd1d0bfce0527fe0828b6074b8d680e73d87c6fbd",
      "sha256:0e9d18a536507dfbf7a2da3bee16e75cb9fbaac01bcaef6d318340f92ac37987",
      "sha256:6197bd9d600791c2e1ec9b9c1c4eba630bdbb9e6220a778161f2c59823e21856",
      "sha256:eaf0ed532163f1d1c23b5f4dd4175bdef0880e36df8e1d4fc5c86814dc153906",
      "sha256:d5448c9f42a2d62ecde991da3eae923e50d1b9f004b5aec6ed297b7140a77297",
      "sha256:b0d5758c5c9bea894eccd74210cfc9d68eb1384806161d2394e726f1352defe1",
      "sha256:ad19d2601c3abf0b946b5c3a4113e226a8c1e3305e395b90013b78dd94a723ce",
      "sha256:e39a342bec8f242acdda20dbc625063a658da055db7898c82ce4e82dc5c72d94",
      "sha256:501e7c1e5c79786f8b76d5f0b1743cfd2f6fcf4b68400de8e5ce54695ac293ca",
      "sha256:2ccb4d6cf908c50b7b1984dcbdded597903169fabd572fdf6895100f89d8cdc5",
      "sha256:c0dafe3ac28f31265c02b6975b8f31f6981c42902cd8d7eb32b5414012027dbe",
      "sha256:47e6dcd327be2ea2fde3f484128f57fbe4bde92bc675550152d233c309985333",
      "sha256:f289ed2091281fed154004b94286ec398aa80f531dbc129b8bde664b1a6c3e1b",
      "sha256:231a8fbffba0980af44471dd8801190375462e2d5a4331a071ba7b823810147d",
      "sha256:bfb3d413e67222c146a82e0e53a96024424c50a543655bbe0e4395a16046b4ff",
      "sha256:fdefead766de0bf9240202680acb7ce072d674b0995736ece3d34357c2c51cc3",
      "sha256:c5f93519168f95e78bceaafbc8cd5a9a083e0d70d5ece07289f32941a6295017",
      "sha256:49c371675cc96d02e3ac42748df6bd75292c5af339ebc15f70ab4f9a54546a86",
      "sha256:3d90ed26a2882eced16fda80db9406fcca84fd578527c27783bd789f6fd5c6a0",
      "sha256:ac6d9e7b6d4f8a48eaff7d896c48b817ec4969754c9f50f96ea652cc963a5376",
      "sha256:e02b6d72a56b2b4a132e8f7ca0b63f8d3bd3a7d1788631ef950e838005b3d2eb",
      "sha256:6895ef5ebe6f50bc5e114a843583aea725321d86f46adea39561e73774fade94",
      "sha256:c60aa318787341b4bcebc8c4f97c340bed0285955f1183fc1749fd70235f771b",
      "sha256:ea78fbc26bc2ae6114b8045c3bc34a389e51a7add3433b47abbc25301a5adffd",
      "sha256:7e5fe8e9666ed04c74fde3ed98633a4230aa3720a49634787a8f52a00f1bb34c",
      "sha256:3ff4e08f841f86bac63562c05d99ebfdb752b6b17a6d6b759e5c3b115e123565",
      "sha256:421c7ad3ea1e9b84ff291fee58af1fa9562164e423fc2a8c9845dd2fccb861e9",
      "sha256:17df549df490e407187581cd0f8d6c31728500c8d75b19b2d74018a43c125458",
      "sha256:4bf193e3b9a91bceef65e82f6a27ee5c050d29552ef7e1606f222a79571fc44e",
      "sha256:cfaf6729bf9f0f391cfac1fae898922a34207abdbf3e197d9910239ece37b180",
      "sha256:699cc5740e31bf67b0ed12a840f7687c02e0a41cb1928c172343690107e72d31",
      "sha256:c023c00cd531887b45c8d2650559159510a192fc0f016f769b1cc492d8c47810",
      "sha256:86c89b672e2feba3288eb7f901caf94a5a0059169867164866b19ca1e8baff62",
      "sha256:6badba74bb358a82fac5ec2aefc736ac53ac3391932f5c42874c53d39948601d",
      "sha256:d30f7f9b624e3064852af1642e4d6988aeea689a8a6871c5d074572bddce0283",
      "sha256:38194e360c32b5a839feb1e27b600b1f793624c7d002918d063c2ecefdcdc4cc",
      "sha256:3624d6cb1fdeaa70a21a4a51b4eab5abb8c3b5b5312342a12a56295e37bb3578",
      "sha256:eddb0d60c829d8f157537967b5641ca6ea603adb4b354bede2437a1c32be30df",
      "sha256:50b9df8c41ce1298446cadf0fc2492b58f4ffde251285a167d788ca6826fba0c",
      "sha256:a10c31c2f963a0cc8edf223ed556d0e6fdcea61e248e7252201f9697f4927efe",
      "sha256:ec43582b61083b81e047a4e1c2f709a2a75f0fd4b9d75305eb26991531dd046d",
      "sha256:da061c80f4b5c267d661effba98a30888a31c8489a7b3270cfb4d5380c871b3d",
      "sha256:e1ed114a61c4581b050f8db9932aa14bac4ac322994be51015ebc8e4cad66287",
      "sha256:cad0c499e775bb767990eabc63004627d9c1339cbeac5bfd01de5c2e1a826fcb",
      "sha256:534313028fe05f39cffee217f385e222cf17ed258a95292d25982248f20d0193",
      "sha256:586dfca66e880638b75a92634c51db55dfd65cccd5bd49c4e33c55755320cf66",
      "sha256:6b5b8e6e537241fdb22e8c4abe8e5e43cb9badf2368c5d8b77fc379dfa319650",
      "sha256:b927f60a573bbcbb8048459779e63d53c4b85506dbdbec290dadbd24d684eed8",
      "sha256:0363839782f834ae379a5b554daa92a42edc490bc90b0c2a9a2bd456c6ca6e01",
      "sha256:dd6a49da67f7a6a6a5bd68e914a083e25b5a3d8a73f6c14852712e581ac88992",
      "sha256:e4a3dd27370920b2be108ba7a18efe720a521d4956abb34a8ebf74958ff25f55",
      "sha256:388e44ae199bd3efb39ed23578f45d00c1e5b490c7ca8d7bc5234671328a5cb5",
      "sha256:1b4aed5d119e43bc4ea773c7a96c9b962c5aacbcb0912fb2437672cc33ed9633",
      "sha256:4640e9bfb305ab5016a9fc7d3dd262e3a4b58c06c148dfb298c463647ea00479",
      "sha256:51d636d9d246af3923baa71c2bc8c1114ccba25d7968dc3e416a257c6e768c8f",
      "sha256:87786529552286afcbb81c1dea35c83e59b7bfc12468b891e237ffeaa68bf5fe",
      "sha256:f44ba00f9ab5f399a534784b054d42228812fa48d413314cdc3680c642c9f16b",
      "sha256:bc2958857276efc083b7e118856dba8819de6377926eb13506699f043fbdb26e",
      "sha256:a985c0712e195bef958d94fb74e3f5132398caa46a1b727faeda9baad6ab8784",
      "sha256:c00fa1f72440f8ec8f893790f64c9cd1e93dd5f09672f19b5dc8fcfdbfbeab20",
      "sha256:b316d93f50e87551a7e29d1267dd3bd41e5eb40cb8381d5ae004d746a6a850fe",
      "sha256:63dd713fcfc070676625cc6142113b5ba359571c998305f63518c09a310fb086",
      "sha256:a300fcf2c43ab26eb1eb380a13efdcc6c1c46f0a502da219a4b58337df52ef7b",
      "sha256:7bdf5210ae0f2fa3536bc5c04bb510238946c2a7f2b8a2c2d18d2271056393eb",
      "sha256:353ab1156cb34e08329624ae98ae19e31315558a0e28e9b5d2f520c70a8a799d",
      "sha256:656267cc5c84631f000d4a8b1f3a92efb91d87cedd783a1c3ca14bef724e7a02",
      "sha256:69475fa652992066d3a5a3fdf2e7706f7ecee99e0fbcf54c367d4b5f883d7e25",
      "sha256:de50dff81a152e312d519d10c80a52e30d750ee3753f1653b3ae43c36d8c94af",
      "sha256:68c331f624cea6c0827a31e96a6dce2e75461227c42da70f11ba765a8c6a8cec",
      "sha256:1658132c8cefecd2fde6bb8593e6e4827f34a2c5b2f4dc75fbe15ce81a035ff7",
      "sha256:27c2f4df43ec10072dc3b889c430f502054baad3f4b0d1911dc24f64fdf89096",
      "sha256:c79e5f2a1a3cf69c52d5d8c48d4972d16630f54ef7280c7b77ebc588c197f773",
      "sha256:87bde2c07ddf631cc14c513cccd83ff746f2ac44e241e821407819d6eb34aef5",
      "sha256:90cae2707df218dadd73f20b3d24760c2414c27ef96f4e155f87201f80a0d3e5",
      "sha256:f5c297d58db9cc784394d56b41f11d42d6d7dc2838d8c0d93f3cefb3e922057e",
      "sha256:e146afa8d859febbf6ee6fb81db0d6602407f10f8c6a2bf095979f88aac7c7b7",
      "sha256:c5e7c29bd9bec8f606ba6fa224ef0285e3c6fa24770c0b5116e15086cac0eef3",
      "sha256:9a207f88d59dc0bceae6e12621c862bef7df0fff20df4da29d71c2e8b82fb3fe",
      "sha256:dd483d508f4fe973530231147b02ddc6b6c37f55c49033c72cbdf6ba02344ade",
      "sha256:819a026783df6f3a23872fef44552ae3a502d849c91e621ca2ab490c5fe2a37b",
      "sha256:3b718ba0e5faaa786329498c3ddd1f31a39d40916c4917291e6acfd58167182e",
      "sha256:a59a4003f162c10058206f0fd5ec05e4d1030e8fbda230f6f0b42db703c16371",
      "sha256:771df443516a2356c15c8131a15530298d56fe758a549b0d5ba043230b97c27b",
      "sha256:2412799f9426ec73d95e2fcb40a93a355afe1a47462c57bea74556a9a4374b34",
      "sha256:c109afd4d6c1abf1b28a9330330600663df5510faece89143289667b62421888",
      "sha256:2e113a2f0f9e4b54eb68660951e7cfafe261130d3650f847cb9972cbd5db4ad3",
      "sha256:8a74e57f2aabf3217309da9c45a0aa582da8ac5a873995ff3d1d0846ab776f2a",
      "sha256:25e1f3e13ead1759a6ddcbe7ec803140693bcd9a1c45ef2320e4290ec351e6e4",
      "sha256:a114cd3b5fac50f31e43189546a50e390027e5ef770d81427b9fd5ebdbafdf72",
      "sha256:56d83821f7733f17b966024b8ce1e2dff652e5f40f170cbb83e8989ea0827d37",
      "sha256:9e3d629610ae40ead4d822c32358d7ad82fc0b4fd0954a3c9d8f6c8f1ca62df7",
      "sha256:eeb609e6b77b1fdfe68b4ef8560031a456c1ec64919394747f2727b92ff954b7",
      "sha256:8a18aeb803314c6e14295be0f383926c76317b469dae9ede8f3b92c162eb3357",
      "sha256:4ced21c225ce29b197864f2aaa0df27ec24a3f0e8baabe5b41ebae4d06841085",
      "sha256:2af0c7d60505e4c5ac6c5bf16dc85ccacc30722fe5ebce81f28be7cdaa704e32",
      "sha256:b31d29a9756fc282e7e86017853139ba1aa885e3992d8c063c3cd5c3554d1277",
      "sha256:2702aa3c22aab02016e3d400ee2949d814816281dc87691b3d54d6f37235745b",
      "sha256:fc35dc5886da434e11be07d923baa16741bc0d7ea0d81fb9989aa8ea96fd0143",
      "sha256:431d3353f10c85b2c530f82e708a182fcde6e47a75ba6a641ef683f477bbbfdc",
      "sha256:d5c8842f9332d49d18d7d6f6b7b395d106fce08b2aec0ad5133c618463fba21b",
      "sha256:7d4c681ab3b2d5398eb92e63c2a4cb32113ef8fb8ed1e4ee0a30573f027c98c4",
      "sha256:5fca136503f86ecc6cb61fbd17b137d59e56b45c7a5494e6b8fd3cabd4697fbd",
      "sha256:1d953c119a73fa8b1187175827726f4c4460b26ef29c954425944ddbedeffd06",
      "sha256:bcce8c3e8f293ac28b7a7cd9fc27a47b273b442c06724dd84cfcacf30e4c3796",
      "sha256:c2e13b87ab7cf9d715ea1bbddd936b5490a6ee58de8e069d935bb2f9b1984dbf",
      "sha256:738a86c4a6eab4a00e14f641608a3e82ac93ea71faaf21a0c578ffe193ff904b",
      "sha256:00d48fbb187f694e34190c47645bc48a48e170ca234422b6caea6bd65dc573fb",
      "sha256:35518aeb39906ca7f51f2ba70673dc4fa9cfbbfb5ef7de2c3b61627f607b89dc",
      "sha256:eec96c6b72696fde2d65bec50527f925fe3ef7ec9c730e8228ef67f741242df7",
      "sha256:a8e36f2c432d5ea288cbdfc9b8e55174080f0c9778bdd761b40527ad3431a03e",
      "sha256:ad1fe73af6d68ae2b73923e5251cd1faf8bfe49c5a659050a631954488e136e2",
      "sha256:438c84f4ec41369d80b0bfb8d6ed1ac203d8481908c1b57200175d09af9d69b2",
      "sha256:9ccd59de718ed1026e378049e946202e6f8bf73a2d950246b0f23184182c4738",
      "sha256:3dba9786966974701578a658d1bb369bf35bdf5f363079f5ac9c4910a39113be",
      "sha256:86e15c88e8f6f8fa0be278f3c6d13cbdd0a1bb4270b21d06c4362a53f78a6612",
      "sha256:ff0c241d3963249c35a7eda5f2769bffd894587f82f07f097983bdfd2808556f",
      "sha256:e6cba1cfb4f55e82353525b53c2f475d54257bdbad95f7a3751a1467fcef6317",
      "sha256:9bf5f1509c3c7fb5147caf6b2adecb76ac08252092075aa6177cc30e2bba5907",
      "sha256:fb60014874e9ba1885b491ae1302bb7f33be8450231e712883e90ad095930c8a",
      "sha256:fbbf9b576222228a675c07a383813381800d2d3ba0966280df165a6e6176ef70",
      "sha256:776baa68d1783f03902703fbd6367ec705592543dc132281c74830b02f0098fd",
      "sha256:43dc664e41d072888fd69a8916a13a4fd046a8db635bbe5981e14d6b0cc3cddf",
      "sha256:b8ef3cec785d5221af9a9234dc42971bac70b6050ca44446a0b915a1851b4953",
      "sha256:44423d7c43bde9274e1dbc1b00d6bd14ec7cb2572326eeefa9c6dd6fab47930b",
      "sha256:076f888fbd0c87ee0e8f969b808ba5a661f4588a1002a78d40e7618c49e0b9b1",
      "sha256:f4c76b149bb6440b1976340c80db7d2bf23bd947cd44a9b6e4fa111b9a297e5a",
      "sha256:221893681d03781a1691308efe07847f323e5a0e735995c2f6b5a17f40b413fd",
      "sha256:f6f7c36cbac55576159b456d754c2450c2ef0172c03d238f026cb79c0d5b2d71",
      "sha256:2d45b68b1cc42395014fa3466b74bb09e63b7bcbf9c2ec17371d57b741c4ad90",
      "sha256:838798efd7d1355054b5caac17f390a405b153c1598e18b342a24f72877cdfe2",
      "sha256:fcc9eb775fd0d1393fc5bfe1eb2ca792d2c17c066f7adeef552149bf9d7aae22",
      "sha256:1a2114a79622e1e05fecefa16b8b68636108550726bd3b762098a0a64bc30fbf",
      "sha256:6314fe06b58d2216ec42ed210996d08ab54108afe8d6aa4e884c762aa0f875a0",
      "sha256:b88ee66877ce812eb0c5b26128214885cb593bdaa9e591225192fa2dff7a5e01",
      "sha256:de8ede5dfcdee1c43a7b4a4d7fd3f2fc06e38922b6c4b0535282d8802298f1b9",
      "sha256:9b99557c75413d2af04d25e2051522ef5ae52b9822359983446d063ed2541e1d",
      "sha256:d9531a52ee8c926da3dba2380de068a91c227f23e527d022eba46eb4a175b3e2",
      "sha256:b6624501fa4d9de0d08ed0ed9df5e0fda9f97f360c3326880047cad5e6f4ba1f",
      "sha256:512053acf6baa6b6e3dca1b1c52c2f90ae821b3e1101ba58572136720e66cd81",
      "sha256:3dfa960054bad3fdba76eed74e75ba78860fca1843c30290527171035c4d6b77",
      "sha256:301ceb6e6771f9ea075ebe5635f2036bd44fd363490dcc37aa2de4385d960797",
      "sha256:05ae8f11b8f9012ebebbf179227b010829739c6284e30da5dd3db220ee682f8a",
      "sha256:3126bd1fb8a22e52078b16d984fd9ffdace5ce7da916cf2ce64e798641bc02d6",
      "sha256:78cbf8e2cf8b2ff6d838e2343677150b3e61fb4ec931a181e4b298f7c90f323e",
      "sha256:1da443bc5a8a640b164fa0f9708fa2194a06cbca150a1f91308eef10cc618e3a",
      "sha256:ca3996fc81d210370754c1581b06bbbee8401e457843558126863833a1497afc",
      "sha256:749967f5678549ad66413e6f58ca658fe5b6c7081b90e454610b1591793f3fd9",
      "sha256:b0639bb0a5c05143d5c12ce8c7eb1797e2f8eaddf8a607d59ec88d7e56197fd2",
      "sha256:064f8511263b070223d38be23c0e8e25d50604c27dd91067ae80b7ded642ff13",
      "sha256:907e3a46c9dbe4e45fe090355b0a42f6c0a4f8078e85b0a57ef4a906e7f9b934"
    ],
    "removedSignatures": [],
    "workTime": 4284970.0,
    "language": "n/a",
    "locale": "en_US",
    "timezone": "Europe/Berlin",
    "branding": [
      "Minecraft 1.7.10",
      "MCP v9.05",
      "FML v7.10.140.1401",
      "Minecraft Forge 10.13.3.1401",
      "202 mods loaded, 202 mods active"
    ],
    "runtime": {
      "mcp": "MCP v9.05",
      "fml": "7.10.140.1401",
      "forge": "10.13.3.1401"
    },
    "minecraft": "Minecraft 1.7.10",
    "javaVersion": "Oracle Corporation 1.8.0_45",
    "tags": [
      "3.2.6.2",
      "RR 3-DEV-077",
      "Sandbox"
    ],
    "side": "server",
    "obfuscated": true,
    "type": "analytics"
  }
]